-- MySQL dump 10.13  Distrib 5.7.22, for Linux (x86_64)
--
-- Host: localhost    Database: football
-- ------------------------------------------------------
-- Server version	5.7.22-0ubuntu0.16.04.1

/*!40101 SET @OLD_CHARACTER_SET_CLIENT=@@CHARACTER_SET_CLIENT */;
/*!40101 SET @OLD_CHARACTER_SET_RESULTS=@@CHARACTER_SET_RESULTS */;
/*!40101 SET @OLD_COLLATION_CONNECTION=@@COLLATION_CONNECTION */;
/*!40101 SET NAMES utf8 */;
/*!40103 SET @OLD_TIME_ZONE=@@TIME_ZONE */;
/*!40103 SET TIME_ZONE='+00:00' */;
/*!40014 SET @OLD_UNIQUE_CHECKS=@@UNIQUE_CHECKS, UNIQUE_CHECKS=0 */;
/*!40014 SET @OLD_FOREIGN_KEY_CHECKS=@@FOREIGN_KEY_CHECKS, FOREIGN_KEY_CHECKS=0 */;
/*!40101 SET @OLD_SQL_MODE=@@SQL_MODE, SQL_MODE='NO_AUTO_VALUE_ON_ZERO' */;
/*!40111 SET @OLD_SQL_NOTES=@@SQL_NOTES, SQL_NOTES=0 */;

--
-- Table structure for table `conferences`
--

DROP TABLE IF EXISTS `conferences`;
/*!40101 SET @saved_cs_client     = @@character_set_client */;
/*!40101 SET character_set_client = utf8 */;
CREATE TABLE `conferences` (
  `id` int(11) NOT NULL,
  `name` varchar(20) DEFAULT NULL,
  `league_id` int(11) DEFAULT NULL,
  PRIMARY KEY (`id`),
  KEY `league_id` (`league_id`),
  CONSTRAINT `conferences_ibfk_1` FOREIGN KEY (`league_id`) REFERENCES `leagues` (`id`)
) ENGINE=InnoDB DEFAULT CHARSET=latin1;
/*!40101 SET character_set_client = @saved_cs_client */;

--
-- Dumping data for table `conferences`
--

LOCK TABLES `conferences` WRITE;
/*!40000 ALTER TABLE `conferences` DISABLE KEYS */;
INSERT INTO `conferences` VALUES (1,'NFC',1),(2,'AFC',1),(3,'AAC',2),(4,'ACC',2),(5,'Big 10',2),(6,'Big XII',2),(7,'Conference USA',2),(8,'Independent',2),(9,'MAC',2),(10,'Mountain West',2),(11,'Pac 12',2),(12,'SEC',2),(13,'Sun Belt',2),(14,'FCS',2),(15,'DII',2);
/*!40000 ALTER TABLE `conferences` ENABLE KEYS */;
UNLOCK TABLES;

--
-- Table structure for table `games`
--

DROP TABLE IF EXISTS `games`;
/*!40101 SET @saved_cs_client     = @@character_set_client */;
/*!40101 SET character_set_client = utf8 */;
CREATE TABLE `games` (
  `id` int(11) NOT NULL AUTO_INCREMENT,
  `date` date DEFAULT NULL,
  `home_team_id` int(11) DEFAULT NULL,
  `season` int(11) DEFAULT NULL,
  `week` int(11) DEFAULT NULL,
  `location` varchar(100) DEFAULT NULL,
  PRIMARY KEY (`id`),
  KEY `home_team_id` (`home_team_id`),
  CONSTRAINT `games_ibfk_1` FOREIGN KEY (`home_team_id`) REFERENCES `teams` (`id`)
) ENGINE=InnoDB AUTO_INCREMENT=845 DEFAULT CHARSET=latin1;
/*!40101 SET character_set_client = @saved_cs_client */;

--
-- Dumping data for table `games`
--

LOCK TABLES `games` WRITE;
/*!40000 ALTER TABLE `games` DISABLE KEYS */;
INSERT INTO `games` VALUES (1,'2018-08-25',102,2018,1,'Warren McGuirk Alumni Stadium, Amherst, MA'),(2,'2018-08-25',91,2018,1,'Rice Stadium, Houston, TX'),(3,'2018-08-25',117,2018,1,'Sonny Lubick Field at Colorado State Stadium, Fort Collins, CO'),(4,'2018-08-25',100,2018,1,'Aggie Memorial Stadium, Las Cruces, NM'),(5,'2018-08-30',123,2018,1,'CEFCU Stadium, San Jose, CA'),(6,'2018-08-30',65,2018,1,'TCF Bank Stadium, Minneapolis, MN'),(7,'2018-08-30',44,2018,1,'Pratt and Whitney Stadium at Rentschler Field, East Hartford, CT'),(8,'2018-08-30',157,2018,1,'Georgia State Stadium, Atlanta, GA'),(9,'2018-08-30',104,2018,1,'Scheumann Stadium, Muncie, IN'),(10,'2018-08-30',136,2018,1,'Rice-Eccles Stadium, Salt Lake City, UT'),(11,'2018-08-30',93,2018,1,'Legion Field, Birmingham, AL'),(12,'2018-08-30',41,2018,1,'Yulman Stadium, New Orleans, LA'),(13,'2018-08-30',162,2018,1,'JPS Field at Malone Stadium, Monroe, LA'),(14,'2018-08-30',70,2018,1,'Ross-Ade Stadium, West Lafayette, IN'),(15,'2018-08-30',78,2018,1,'Boone Pickens Stadium, Stillwater, OK'),(16,'2018-08-30',151,2018,1,'Kyle Field, College Station, TX'),(17,'2018-08-31',114,2018,1,'Waldo Stadium, Kalamazoo , MI'),(18,'2018-08-31',108,2018,1,'Rynearson Stadium, Ypsilanti, MI'),(19,'2018-08-31',64,2018,1,'Spartan Stadium, East Lansing, MI'),(20,'2018-08-31',47,2018,1,'Brooks Field at Wallace Wade Stadium, Durham, NC'),(21,'2018-08-31',72,2018,1,'Camp Randall Stadium, Madison, WI'),(22,'2018-08-31',120,2018,1,'Mackay Stadium, Reno, NV'),(23,'2018-08-31',133,2018,1,'Stanford Stadium, Stanford, CA'),(24,'2018-08-31',117,2018,1,'Broncos Stadium at Mile High, Denver, CO'),(25,'2018-09-01',77,2018,1,'Gaylord Family Oklahoma Memorial Stadium, Norman, OK'),(26,'2018-09-01',62,2018,1,'FedExField, Landover, MD'),(27,'2018-09-01',68,2018,1,'Ohio Stadium, Columbus , OH'),(28,'2018-09-01',40,2018,1,'Lincoln Financial Field, Philadelphia, PA'),(29,'2018-09-01',91,2018,1,'Rice Stadium, Houston, TX'),(30,'2018-09-01',149,2018,1,'Williams-Brice Stadium, Columbia, SC'),(31,'2018-09-01',52,2018,1,'Wayne Day Family Field at Carter-Finley Stadium, Raleigh, NC'),(32,'2018-09-01',81,2018,1,'NRG Stadium, Houston, TX'),(33,'2018-09-01',71,2018,1,'High Point Solutions Stadium, Piscataway, NJ'),(34,'2018-09-01',79,2018,1,'Amon G. Carter Stadium, Fort Worth, TX'),(35,'2018-09-01',59,2018,1,'Memorial Stadium (Champaign, IL), Champaign, IL'),(36,'2018-09-01',46,2018,1,'Memorial Stadium, Clemson, SC'),(37,'2018-09-01',49,2018,1,'Bobby Dodd Stadium at Historic Grant Field, Atlanta, GA'),(38,'2018-09-01',115,2018,1,'Falcon Stadium, U.S. Air Force Academy, CO'),(39,'2018-09-01',45,2018,1,'Alumni Stadium, Chestnut Hill, MA'),(40,'2018-09-01',121,2018,1,'Dreamstyle Stadium, Albuquerque, NM'),(41,'2018-09-01',150,2018,1,'Bank of America Stadium, Charlotte, NC'),(42,'2018-09-01',112,2018,1,'Peden Stadium, Athens, OH'),(43,'2018-09-01',144,2018,1,'Kroger Field, Lexington, KY'),(44,'2018-09-01',141,2018,1,'Mercedes-Benz Stadium, Atlanta, GA'),(45,'2018-09-01',110,2018,1,'Fred C. Yager Stadium, Oxford, OH'),(46,'2018-09-01',54,2018,1,'Heinz Field, Pittsburgh, PA'),(47,'2018-09-01',69,2018,1,'Beaver Stadium, University Park, PA'),(48,'2018-09-01',143,2018,1,'Sanford Stadium, Athens, GA'),(49,'2018-09-01',126,2018,1,'Jonah Field at War Memorial Stadium, Laramie, WY'),(50,'2018-09-01',61,2018,1,'Kinnick Stadium, Iowa City, IA'),(51,'2018-09-01',135,2018,1,'Los Angeles Memorial Coliseum, Los Angeles, CA'),(52,'2018-09-01',129,2018,1,'California Memorial Stadium, Berkeley, CA'),(53,'2018-09-01',147,2018,1,'Faurot Field at Memorial Stadium, Columbia, MO'),(54,'2018-09-01',140,2018,1,'Donald W. Reynolds Razorback Stadium, Fayetteville, AR'),(55,'2018-09-01',106,2018,1,'UB Stadium, Buffalo, NY'),(56,'2018-09-01',56,2018,1,'Scott Stadium, Charlottesville, VA'),(57,'2018-09-01',161,2018,1,'Veterans Memorial Stadium, Troy, AL'),(58,'2018-09-01',34,2018,1,'Bagwell Field at Dowdy-Ficklen Stadium, Greenville, NC'),(59,'2018-09-01',39,2018,1,'Raymond James Stadium, Tampa, FL'),(60,'2018-09-01',83,2018,1,'Jerry Richardson Stadium, Charlotte, NC'),(61,'2018-09-01',99,2018,1,'Williams Stadium, Lynchburg, VA'),(62,'2018-09-01',156,2018,1,'Allen E. Paulson Stadium, Statesboro, GA'),(63,'2018-09-01',75,2018,1,'Memorial Stadium (Lawrence, KS), Lawrence, KS'),(64,'2018-09-01',85,2018,1,'Riccardo Silva Stadium, Miami, FL'),(65,'2018-09-01',92,2018,1,'M.M. Roberts Stadium, Hattiesburg, MS'),(66,'2018-09-01',158,2018,1,'Cajun Field, Lafayette, LA'),(67,'2018-09-01',159,2018,1,'Ladd-Peebles Stadium, Mobile, AL'),(68,'2018-09-01',42,2018,1,'Skelly Field at H.A. Chapman Stadium, Tulsa , OK'),(69,'2018-09-01',76,2018,1,'Bill Snyder Family Football Stadium, Manhattan, KS'),(70,'2018-09-01',36,2018,1,'Liberty Bowl Memorial Stadium, Memphis, TN'),(71,'2018-09-01',113,2018,1,'The Glass Bowl, Toledo, OH'),(72,'2018-09-01',134,2018,1,'Rose Bowl, Pasadena, CA'),(73,'2018-09-01',154,2018,1,'Centennial Bank Stadium, Jonesboro, AR'),(74,'2018-09-01',142,2018,1,'Ben Hill Griffin Stadium, Gainesville, FL'),(75,'2018-09-01',146,2018,1,'Davis Wade Stadium at Scott Field, Starkville, MS'),(76,'2018-09-01',101,2018,1,'Notre Dame Stadium, South Bend, IN'),(77,'2018-09-01',95,2018,1,'Sun Bowl Stadium, El Paso, TX'),(78,'2018-09-01',89,2018,1,'Apogee Stadium, Denton, TX'),(79,'2018-09-01',152,2018,1,'Vanderbilt Stadium, Nashville, TN'),(80,'2018-09-01',74,2018,1,'Jack Trice Stadium, Ames, IA'),(81,'2018-09-01',139,2018,1,'Camping World Stadium, Orlando, FL'),(82,'2018-09-01',73,2018,1,'McLane Stadium, Waco, TX'),(83,'2018-09-01',131,2018,1,'Autzen Stadium, Eugene, OR'),(84,'2018-09-01',66,2018,1,'Memorial Stadium (Lincoln, NE), Lincoln , NE'),(85,'2018-09-01',118,2018,1,'Bulldog Stadium at Jim Sweeney Field, Fresno, CA'),(86,'2018-09-01',128,2018,1,'Sun Devil Stadium, Tempe, AZ'),(87,'2018-09-01',127,2018,1,'Arizona Stadium, Tucson, AZ'),(88,'2018-09-01',119,2018,1,'Hawaiian Tel Federal Credit Union Field , Honolulu, HI'),(89,'2018-09-02',145,2018,1,'AT&T Stadium, Arlington, TX'),(90,'2018-09-03',48,2018,1,'Bobby Bowden Field at Doak Campbell Stadium, Tallahassee, FL'),(91,'2018-09-07',38,2018,2,'Gerald J. Ford Stadium, Dallas, TX'),(92,'2018-09-08',72,2018,2,'Camp Randall Stadium, Madison, WI'),(93,'2018-09-08',67,2018,2,'Ryan Field, Evanston, IL'),(94,'2018-09-08',70,2018,2,'Ross-Ade Stadium, West Lafayette, IN'),(95,'2018-09-08',76,2018,2,'Bill Snyder Family Football Stadium, Manhattan, KS'),(96,'2018-09-08',35,2018,2,'John O\'Quinn Field at TDECU Stadium, Houston, TX'),(97,'2018-09-08',97,2018,2,'Michie Stadium, West Point, NY'),(98,'2018-09-08',152,2018,2,'Vanderbilt Stadium, Nashville, TN'),(99,'2018-09-08',39,2018,2,'Raymond James Stadium, Tampa, FL'),(100,'2018-09-08',58,2018,2,'BB&T Field, Winston-Salem, NC'),(101,'2018-09-08',63,2018,2,'Michigan Stadium, Ann Arbor, MI'),(102,'2018-09-08',52,2018,2,'Wayne Day Family Field at Carter-Finley Stadium, Raleigh, NC'),(103,'2018-09-08',45,2018,2,'Alumni Stadium, Chestnut Hill, MA'),(104,'2018-09-08',77,2018,2,'Gaylord Family Oklahoma Memorial Stadium, Norman, OK'),(105,'2018-09-08',124,2018,2,'Sam Boyd Stadium, Las Vegas, NV'),(106,'2018-09-08',125,2018,2,'Merlin Olsen Field at Maverik Stadium, Logan, UT'),(107,'2018-09-08',84,2018,2,'FAU Stadium, Boca Raton, FL'),(108,'2018-09-08',131,2018,2,'Autzen Stadium, Eugene, OR'),(109,'2018-09-08',57,2018,2,'Lane Stadium, Blacksburg, VA'),(110,'2018-09-08',107,2018,2,'Kelly/Shorts Stadium, Mount Pleasant, MI'),(111,'2018-09-08',55,2018,2,'Carrier Dome, Syracuse, NY'),(112,'2018-09-08',68,2018,2,'Ohio Stadium, Columbus , OH'),(113,'2018-09-08',40,2018,2,'Lincoln Financial Field, Philadelphia, PA'),(114,'2018-09-08',103,2018,2,'InfoCision Stadium-Summa Field, Akron, OH'),(115,'2018-09-08',109,2018,2,'Dix Stadium, Kent, OH'),(116,'2018-09-08',149,2018,2,'Williams-Brice Stadium, Columbia, SC'),(117,'2018-09-08',66,2018,2,'Memorial Stadium (Lincoln, NE), Lincoln , NE'),(118,'2018-09-08',101,2018,2,'Notre Dame Stadium, South Bend, IN'),(119,'2018-09-08',139,2018,2,'Bryant-Denny Stadium, Tuscaloosa, AL'),(120,'2018-09-08',37,2018,2,'Navy-Marine Corps Memorial Stadium, Annapolis, MD'),(121,'2018-09-08',34,2018,2,'Bagwell Field at Dowdy-Ficklen Stadium, Greenville, NC'),(122,'2018-09-08',150,2018,2,'Neyland Stadium, Knoxville, TN'),(123,'2018-09-08',81,2018,2,'Jones AT&T Stadium, Lubbock, TX'),(124,'2018-09-08',148,2018,2,'Vaught-Hemingway Stadium, Oxford, MS'),(125,'2018-09-08',137,2018,2,'Alaska Airlines Field at Husky Stadium, Seattle, WA'),(126,'2018-09-08',61,2018,2,'Kinnick Stadium, Iowa City, IA'),(127,'2018-09-08',235,2018,2,'Kibbie Dome, Moscow, ID'),(128,'2018-09-08',82,2018,2,'Mountaineer Field at Milan Puskar Stadium, Morgantown, WV'),(129,'2018-09-08',43,2018,2,'Spectrum Stadium, Orlando, FL'),(130,'2018-09-08',83,2018,2,'Jerry Richardson Stadium, Charlotte, NC'),(131,'2018-09-08',51,2018,2,'Hard Rock Stadium, Miami Gardens, FL'),(132,'2018-09-08',105,2018,2,'Doyt L. Perry Stadium, Bowling Green, OH'),(133,'2018-09-08',156,2018,2,'Allen E. Paulson Stadium, Statesboro, GA'),(134,'2018-09-08',87,2018,2,'Joan C. Edwards Stadium, Huntington, WV'),(135,'2018-09-08',155,2018,2,'Brooks Stadium, Conway, SC'),(136,'2018-09-08',94,2018,2,'Alamodome, San Antonio, TX'),(137,'2018-09-08',50,2018,2,'Cardinal Stadium, Louisville, KY'),(138,'2018-09-08',86,2018,2,'Joe Aillet Stadium, Ruston, LA'),(139,'2018-09-08',92,2018,2,'M.M. Roberts Stadium, Hattiesburg, MS'),(140,'2018-09-08',161,2018,2,'Veterans Memorial Stadium, Troy, AL'),(141,'2018-09-08',147,2018,2,'Faurot Field at Memorial Stadium, Columbia, MO'),(142,'2018-09-08',88,2018,2,'Johnny Red Floyd Stadium, Murfreesboro, TN'),(143,'2018-09-08',151,2018,2,'Kyle Field, College Station, TX'),(144,'2018-09-08',160,2018,2,'Jim Wacker Field at Bobcat Stadium, San Marcos, TX'),(145,'2018-09-08',145,2018,2,'Tiger Stadium, Baton Rouge, LA'),(146,'2018-09-08',48,2018,2,'Bobby Bowden Field at Doak Campbell Stadium, Tallahassee, FL'),(147,'2018-09-08',141,2018,2,'Jordan-Hare Stadium, Auburn, AL'),(148,'2018-09-08',60,2018,2,'Memorial Stadium (Bloomington, IN), Bloomington, IN'),(149,'2018-09-08',65,2018,2,'TCF Bank Stadium, Minneapolis, MN'),(150,'2018-09-08',90,2018,2,'Foreman Field at S. B. Ballard Stadium, Norfolk, VA'),(151,'2018-09-08',111,2018,2,'Brigham Field at Huskie Stadium, DeKalb, IL'),(152,'2018-09-08',89,2018,2,'Apogee Stadium, Denton, TX'),(153,'2018-09-08',96,2018,2,'Houchens Industries-L.T. Smith Stadium, Bowling Green, KY'),(154,'2018-09-08',117,2018,2,'Sonny Lubick Field at Colorado State Stadium, Fort Collins, CO'),(155,'2018-09-08',59,2018,2,'Memorial Stadium (Champaign, IL), Champaign, IL'),(156,'2018-09-08',142,2018,2,'Ben Hill Griffin Stadium, Gainesville, FL'),(157,'2018-09-08',54,2018,2,'Heinz Field, Pittsburgh, PA'),(158,'2018-09-08',110,2018,2,'Paul Brown Stadium, Cincinnati, OH'),(159,'2018-09-08',132,2018,2,'Reser Stadium, Corvallis, OR'),(160,'2018-09-08',78,2018,2,'Boone Pickens Stadium, Stillwater, OK'),(161,'2018-09-08',41,2018,2,'Yulman Stadium, New Orleans, LA'),(162,'2018-09-08',80,2018,2,'Darrell K Royal-Texas Memorial Stadium, Austin, TX'),(163,'2018-09-08',133,2018,2,'Stanford Stadium, Stanford, CA'),(164,'2018-09-08',122,2018,2,'San Diego County Credit Union Stadium, San Diego, CA'),(165,'2018-09-08',116,2018,2,'Albertsons Stadium, Boise, ID'),(166,'2018-09-08',98,2018,2,'LaVell Edwards Stadium, Provo, UT'),(167,'2018-09-08',128,2018,2,'Sun Devil Stadium, Tempe, AZ'),(168,'2018-09-08',138,2018,2,'Martin Stadium, Pullman, WA'),(169,'2018-09-08',119,2018,2,'Hawaiian Tel Federal Credit Union Field , Honolulu, HI'),(170,'2018-09-13',125,2018,3,'Merlin Olsen Field at Maverik Stadium, Logan, UT'),(171,'2018-09-13',58,2018,3,'BB&T Field, Winston-Salem, NC'),(172,'2018-09-14',36,2018,3,'Liberty Bowl Memorial Stadium, Memphis, TN'),(173,'2018-09-15',69,2018,3,'Beaver Stadium, University Park, PA'),(174,'2018-09-15',74,2018,3,'Jack Trice Stadium, Ames, IA'),(175,'2018-09-15',44,2018,3,'Pratt and Whitney Stadium at Rentschler Field, East Hartford, CT'),(176,'2018-09-15',75,2018,3,'Memorial Stadium (Lawrence, KS), Lawrence, KS'),(177,'2018-09-15',66,2018,3,'Memorial Stadium (Lincoln, NE), Lincoln , NE'),(178,'2018-09-15',60,2018,3,'Memorial Stadium (Bloomington, IN), Bloomington, IN'),(179,'2018-09-15',62,2018,3,'Capital One Field at Maryland Stadium, College Park, MD'),(180,'2018-09-15',113,2018,3,'The Glass Bowl, Toledo, OH'),(181,'2018-09-15',53,2018,3,'Kenan Memorial Stadium, Chapel Hill, NC'),(182,'2018-09-15',144,2018,3,'Kroger Field, Lexington, KY'),(183,'2018-09-15',97,2018,3,'Michie Stadium, West Point, NY'),(184,'2018-09-15',150,2018,3,'Neyland Stadium, Knoxville, TN'),(185,'2018-09-15',55,2018,3,'Carrier Dome, Syracuse, NY'),(186,'2018-09-15',57,2018,3,'Lane Stadium, Blacksburg, VA'),(187,'2018-09-15',54,2018,3,'Heinz Field, Pittsburgh, PA'),(188,'2018-09-15',124,2018,3,'Sam Boyd Stadium, Las Vegas, NV'),(189,'2018-09-15',84,2018,3,'FAU Stadium, Boca Raton, FL'),(190,'2018-09-15',93,2018,3,'Legion Field, Birmingham, AL'),(191,'2018-09-15',133,2018,3,'Stanford Stadium, Stanford, CA'),(192,'2018-09-15',101,2018,3,'Notre Dame Stadium, South Bend, IN'),(193,'2018-09-15',56,2018,3,'Scott Stadium, Charlottesville, VA'),(194,'2018-09-15',111,2018,3,'Brigham Field at Huskie Stadium, DeKalb, IL'),(195,'2018-09-15',46,2018,3,'Memorial Stadium, Clemson, SC'),(196,'2018-09-15',72,2018,3,'Camp Randall Stadium, Madison, WI'),(197,'2018-09-15',63,2018,3,'Michigan Stadium, Ann Arbor, MI'),(198,'2018-09-15',73,2018,3,'McLane Stadium, Waco, TX'),(199,'2018-09-15',59,2018,3,'Soldier Field, Chicago, IL'),(200,'2018-09-15',153,2018,3,'Kidd Brewer Stadium, Boone, NC'),(201,'2018-09-15',141,2018,3,'Jordan-Hare Stadium, Auburn, AL'),(202,'2018-09-15',52,2018,3,'Wayne Day Family Field at Carter-Finley Stadium, Raleigh, NC'),(203,'2018-09-15',65,2018,3,'TCF Bank Stadium, Minneapolis, MN'),(204,'2018-09-15',78,2018,3,'Boone Pickens Stadium, Stillwater, OK'),(205,'2018-09-15',37,2018,3,'Navy-Marine Corps Memorial Stadium, Annapolis, MD'),(206,'2018-09-15',76,2018,3,'Bill Snyder Family Football Stadium, Manhattan, KS'),(207,'2018-09-15',105,2018,3,'Doyt L. Perry Stadium, Bowling Green, OH'),(208,'2018-09-15',142,2018,3,'Ben Hill Griffin Stadium, Gainesville, FL'),(209,'2018-09-15',126,2018,3,'Jonah Field at War Memorial Stadium, Laramie, WY'),(210,'2018-09-15',81,2018,3,'Jones AT&T Stadium, Lubbock, TX'),(211,'2018-09-15',140,2018,3,'Donald W. Reynolds Razorback Stadium, Fayetteville, AR'),(212,'2018-09-15',131,2018,3,'Autzen Stadium, Eugene, OR'),(213,'2018-09-15',130,2018,3,'Folsom Field, Boulder, CO'),(214,'2018-09-15',129,2018,3,'California Memorial Stadium, Berkeley, CA'),(215,'2018-09-15',83,2018,3,'Jerry Richardson Stadium, Charlotte, NC'),(216,'2018-09-15',106,2018,3,'UB Stadium, Buffalo, NY'),(217,'2018-09-15',120,2018,3,'Mackay Stadium, Reno, NV'),(218,'2018-09-15',148,2018,3,'Vaught-Hemingway Stadium, Oxford, MS'),(219,'2018-09-15',33,2018,3,'Nippert Stadium, Cincinnati , OH'),(220,'2018-09-15',155,2018,3,'Brooks Stadium, Conway, SC'),(221,'2018-09-15',159,2018,3,'Ladd-Peebles Stadium, Mobile, AL'),(222,'2018-09-15',114,2018,3,'Waldo Stadium, Kalamazoo , MI'),(223,'2018-09-15',42,2018,3,'Skelly Field at H.A. Chapman Stadium, Tulsa , OK'),(224,'2018-09-15',143,2018,3,'Sanford Stadium, Athens, GA'),(225,'2018-09-15',149,2018,3,'Williams-Brice Stadium, Columbia, SC'),(226,'2018-09-15',85,2018,3,'Riccardo Silva Stadium, Miami, FL'),(227,'2018-09-15',70,2018,3,'Ross-Ade Stadium, West Lafayette, IN'),(228,'2018-09-15',61,2018,3,'Kinnick Stadium, Iowa City, IA'),(229,'2018-09-15',67,2018,3,'Ryan Field, Evanston, IL'),(230,'2018-09-15',146,2018,3,'Davis Wade Stadium at Scott Field, Starkville, MS'),(231,'2018-09-15',151,2018,3,'Kyle Field, College Station, TX'),(232,'2018-09-15',50,2018,3,'Cardinal Stadium, Louisville, KY'),(233,'2018-09-15',80,2018,3,'Darrell K Royal-Texas Memorial Stadium, Austin, TX'),(234,'2018-09-15',79,2018,3,'AT&T Stadium, Arlington, TX'),(235,'2018-09-15',138,2018,3,'Martin Stadium, Pullman, WA'),(236,'2018-09-15',100,2018,3,'Aggie Memorial Stadium, Las Cruces, NM'),(237,'2018-09-15',136,2018,3,'Rice-Eccles Stadium, Salt Lake City, UT'),(238,'2018-09-15',134,2018,3,'Rose Bowl, Pasadena, CA'),(239,'2018-09-15',122,2018,3,'San Diego County Credit Union Stadium, San Diego, CA'),(240,'2018-09-15',127,2018,3,'Arizona Stadium, Tucson, AZ'),(241,'2018-09-20',40,2018,4,'Lincoln Financial Field, Philadelphia, PA'),(242,'2018-09-21',43,2018,4,'Spectrum Stadium, Orlando, FL'),(243,'2018-09-21',59,2018,4,'Memorial Stadium (Champaign, IL), Champaign, IL'),(244,'2018-09-21',135,2018,4,'Los Angeles Memorial Coliseum, Los Angeles, CA'),(245,'2018-09-22',70,2018,4,'Ross-Ade Stadium, West Lafayette, IN'),(246,'2018-09-22',147,2018,4,'Faurot Field at Memorial Stadium, Columbia, MO'),(247,'2018-09-22',53,2018,4,'Kenan Memorial Stadium, Chapel Hill, NC'),(248,'2018-09-22',162,2018,4,'JPS Field at Malone Stadium, Monroe, LA'),(249,'2018-09-22',38,2018,4,'Gerald J. Ford Stadium, Dallas, TX'),(250,'2018-09-22',55,2018,4,'Carrier Dome, Syracuse, NY'),(251,'2018-09-22',73,2018,4,'McLane Stadium, Waco, TX'),(252,'2018-09-22',39,2018,4,'Raymond James Stadium, Tampa, FL'),(253,'2018-09-22',51,2018,4,'Hard Rock Stadium, Miami Gardens, FL'),(254,'2018-09-22',148,2018,4,'Vaught-Hemingway Stadium, Oxford, MS'),(255,'2018-09-22',56,2018,4,'Scott Stadium, Charlottesville, VA'),(256,'2018-09-22',71,2018,4,'High Point Solutions Stadium, Piscataway, NJ'),(257,'2018-09-22',47,2018,4,'Brooks Field at Wallace Wade Stadium, Durham, NC'),(258,'2018-09-22',125,2018,4,'Merlin Olsen Field at Maverik Stadium, Logan, UT'),(259,'2018-09-22',78,2018,4,'Boone Pickens Stadium, Stillwater, OK'),(260,'2018-09-22',154,2018,4,'Centennial Bank Stadium, Jonesboro, AR'),(261,'2018-09-22',137,2018,4,'Alaska Airlines Field at Husky Stadium, Seattle, WA'),(262,'2018-09-22',153,2018,4,'Kidd Brewer Stadium, Boone, NC'),(263,'2018-09-22',63,2018,4,'Michigan Stadium, Ann Arbor, MI'),(264,'2018-09-22',49,2018,4,'Bobby Dodd Stadium at Historic Grant Field, Atlanta, GA'),(265,'2018-09-22',58,2018,4,'BB&T Field, Winston-Salem, NC'),(266,'2018-09-22',48,2018,4,'Bobby Bowden Field at Doak Campbell Stadium, Tallahassee, FL'),(267,'2018-09-22',102,2018,4,'Warren McGuirk Alumni Stadium, Amherst, MA'),(268,'2018-09-22',105,2018,4,'Doyt L. Perry Stadium, Bowling Green, OH'),(269,'2018-09-22',117,2018,4,'Sonny Lubick Field at Colorado State Stadium, Fort Collins, CO'),(270,'2018-09-22',150,2018,4,'Neyland Stadium, Knoxville, TN'),(271,'2018-09-22',139,2018,4,'Bryant-Denny Stadium, Tuscaloosa, AL'),(272,'2018-09-22',61,2018,4,'Kinnick Stadium, Iowa City, IA'),(273,'2018-09-22',157,2018,4,'Georgia State Stadium, Atlanta, GA'),(274,'2018-09-22',68,2018,4,'Ohio Stadium, Columbus , OH'),(275,'2018-09-22',82,2018,4,'Mountaineer Field at Milan Puskar Stadium, Morgantown, WV'),(276,'2018-09-22',107,2018,4,'Kelly/Shorts Stadium, Mount Pleasant, MI'),(277,'2018-09-22',144,2018,4,'Kroger Field, Lexington, KY'),(278,'2018-09-22',132,2018,4,'Reser Stadium, Corvallis, OR'),(279,'2018-09-22',141,2018,4,'Jordan-Hare Stadium, Auburn, AL'),(280,'2018-09-22',36,2018,4,'Liberty Bowl Memorial Stadium, Memphis, TN'),(281,'2018-09-22',152,2018,4,'Vanderbilt Stadium, Nashville, TN'),(282,'2018-09-22',131,2018,4,'Autzen Stadium, Eugene, OR'),(283,'2018-09-22',80,2018,4,'Darrell K Royal-Texas Memorial Stadium, Austin, TX'),(284,'2018-09-22',77,2018,4,'Gaylord Family Oklahoma Memorial Stadium, Norman, OK'),(285,'2018-09-22',104,2018,4,'Scheumann Stadium, Muncie, IN'),(286,'2018-09-22',145,2018,4,'Tiger Stadium, Baton Rouge, LA'),(287,'2018-09-22',113,2018,4,'The Glass Bowl, Toledo, OH'),(288,'2018-09-22',33,2018,4,'Nippert Stadium, Cincinnati , OH'),(289,'2018-09-22',60,2018,4,'Memorial Stadium (Bloomington, IN), Bloomington, IN'),(290,'2018-09-22',158,2018,4,'Cajun Field, Lafayette, LA'),(291,'2018-09-22',62,2018,4,'Capital One Field at Maryland Stadium, College Park, MD'),(292,'2018-09-22',74,2018,4,'Jack Trice Stadium, Ames, IA'),(293,'2018-09-22',90,2018,4,'Foreman Field at S. B. Ballard Stadium, Norfolk, VA'),(294,'2018-09-22',99,2018,4,'Williams Stadium, Lynchburg, VA'),(295,'2018-09-22',98,2018,4,'LaVell Edwards Stadium, Provo, UT'),(296,'2018-09-22',87,2018,4,'Joan C. Edwards Stadium, Huntington, WV'),(297,'2018-09-22',92,2018,4,'M.M. Roberts Stadium, Hattiesburg, MS'),(298,'2018-09-22',94,2018,4,'Alamodome, San Antonio, TX'),(299,'2018-09-22',95,2018,4,'Sun Bowl Stadium, El Paso, TX'),(300,'2018-09-22',35,2018,4,'John O\'Quinn Field at TDECU Stadium, Houston, TX'),(301,'2018-09-22',188,2018,4,'Aggie Stadium (CA), Davis, CA'),(302,'2018-09-22',122,2018,4,'San Diego County Credit Union Stadium, San Diego, CA'),(303,'2018-09-22',119,2018,4,'Hawaiian Tel Federal Credit Union Field , Honolulu, HI'),(304,'2018-09-27',51,2018,5,'Hard Rock Stadium, Miami Gardens, FL'),(305,'2018-09-28',41,2018,5,'Yulman Stadium, New Orleans, LA'),(306,'2018-09-28',130,2018,5,'Folsom Field, Boulder, CO'),(307,'2018-09-29',152,2018,5,'Vanderbilt Stadium, Nashville, TN'),(308,'2018-09-29',76,2018,5,'Bill Snyder Family Football Stadium, Manhattan, KS'),(309,'2018-09-29',112,2018,5,'Peden Stadium, Athens, OH'),(310,'2018-09-29',67,2018,5,'Ryan Field, Evanston, IL'),(311,'2018-09-29',49,2018,5,'Bobby Dodd Stadium at Historic Grant Field, Atlanta, GA'),(312,'2018-09-29',69,2018,5,'Beaver Stadium, University Park, PA'),(313,'2018-09-29',128,2018,5,'Sun Devil Stadium, Tempe, AZ'),(314,'2018-09-29',43,2018,5,'Spectrum Stadium, Orlando, FL'),(315,'2018-09-29',52,2018,5,'Wayne Day Family Field at Carter-Finley Stadium, Raleigh, NC'),(316,'2018-09-29',71,2018,5,'High Point Solutions Stadium, Piscataway, NJ'),(317,'2018-09-29',104,2018,5,'Scheumann Stadium, Muncie, IN'),(318,'2018-09-29',137,2018,5,'Alaska Airlines Field at Husky Stadium, Seattle, WA'),(319,'2018-09-29',75,2018,5,'Memorial Stadium (Lawrence, KS), Lawrence, KS'),(320,'2018-09-29',58,2018,5,'BB&T Field, Winston-Salem, NC'),(321,'2018-09-29',138,2018,5,'Martin Stadium, Pullman, WA'),(322,'2018-09-29',45,2018,5,'Alumni Stadium, Chestnut Hill, MA'),(323,'2018-09-29',235,2018,5,'Kibbie Dome, Moscow, ID'),(324,'2018-09-29',64,2018,5,'Spartan Stadium, East Lansing, MI'),(325,'2018-09-29',46,2018,5,'Memorial Stadium, Clemson, SC'),(326,'2018-09-29',156,2018,5,'Allen E. Paulson Stadium, Statesboro, GA'),(327,'2018-09-29',93,2018,5,'Legion Field, Birmingham, AL'),(328,'2018-09-29',79,2018,5,'Amon G. Carter Stadium, Fort Worth, TX'),(329,'2018-09-29',146,2018,5,'Davis Wade Stadium at Scott Field, Starkville, MS'),(330,'2018-09-29',143,2018,5,'Sanford Stadium, Athens, GA'),(331,'2018-09-29',66,2018,5,'Memorial Stadium (Lincoln, NE), Lincoln , NE'),(332,'2018-09-29',161,2018,5,'Veterans Memorial Stadium, Troy, AL'),(333,'2018-09-29',81,2018,5,'Jones AT&T Stadium, Lubbock, TX'),(334,'2018-09-29',47,2018,5,'Brooks Field at Wallace Wade Stadium, Durham, NC'),(335,'2018-09-29',139,2018,5,'Bryant-Denny Stadium, Tuscaloosa, AL'),(336,'2018-09-29',145,2018,5,'Tiger Stadium, Baton Rouge, LA'),(337,'2018-09-29',151,2018,5,'AT&T Stadium, Arlington, TX'),(338,'2018-09-29',153,2018,5,'Kidd Brewer Stadium, Boone, NC'),(339,'2018-09-29',144,2018,5,'Kroger Field, Lexington, KY'),(340,'2018-09-29',141,2018,5,'Jordan-Hare Stadium, Auburn, AL'),(341,'2018-09-29',77,2018,5,'Gaylord Family Oklahoma Memorial Stadium, Norman, OK'),(342,'2018-09-29',118,2018,5,'Bulldog Stadium at Jim Sweeney Field, Fresno, CA'),(343,'2018-09-29',106,2018,5,'UB Stadium, Buffalo, NY'),(344,'2018-09-29',44,2018,5,'Pratt and Whitney Stadium at Rentschler Field, East Hartford, CT'),(345,'2018-09-29',50,2018,5,'Cardinal Stadium, Louisville, KY'),(346,'2018-09-29',121,2018,5,'Dreamstyle Stadium, Albuquerque, NM'),(347,'2018-09-29',115,2018,5,'Falcon Stadium, U.S. Air Force Academy, CO'),(348,'2018-09-29',157,2018,5,'Georgia State Stadium, Atlanta, GA'),(349,'2018-09-29',34,2018,5,'Bagwell Field at Dowdy-Ficklen Stadium, Greenville, NC'),(350,'2018-09-29',129,2018,5,'California Memorial Stadium, Berkeley, CA'),(351,'2018-09-29',127,2018,5,'Arizona Stadium, Tucson, AZ'),(352,'2018-09-29',110,2018,5,'Fred C. Yager Stadium, Oxford, OH'),(353,'2018-09-29',108,2018,5,'Rynearson Stadium, Ypsilanti, MI'),(354,'2018-09-29',88,2018,5,'Johnny Red Floyd Stadium, Murfreesboro, TN'),(355,'2018-09-29',123,2018,5,'CEFCU Stadium, San Jose, CA'),(356,'2018-09-29',126,2018,5,'Jonah Field at War Memorial Stadium, Laramie, WY'),(357,'2018-09-29',94,2018,5,'Alamodome, San Antonio, TX'),(358,'2018-09-29',38,2018,5,'Gerald J. Ford Stadium, Dallas, TX'),(359,'2018-09-29',85,2018,5,'Riccardo Silva Stadium, Miami, FL'),(360,'2018-09-29',96,2018,5,'Houchens Industries-L.T. Smith Stadium, Bowling Green, KY'),(361,'2018-09-29',101,2018,5,'Notre Dame Stadium, South Bend, IN'),(362,'2018-09-29',89,2018,5,'Apogee Stadium, Denton, TX'),(363,'2018-10-04',161,2018,6,'Veterans Memorial Stadium, Troy, AL'),(364,'2018-10-04',35,2018,6,'John O\'Quinn Field at TDECU Stadium, Houston, TX'),(365,'2018-10-05',50,2018,6,'Cardinal Stadium, Louisville, KY'),(366,'2018-10-05',87,2018,6,'Joan C. Edwards Stadium, Huntington, WV'),(367,'2018-10-05',98,2018,6,'LaVell Edwards Stadium, Provo, UT'),(368,'2018-10-06',64,2018,6,'Spartan Stadium, East Lansing, MI'),(369,'2018-10-06',63,2018,6,'Michigan Stadium, Ann Arbor, MI'),(370,'2018-10-06',114,2018,6,'Waldo Stadium, Kalamazoo , MI'),(371,'2018-10-06',36,2018,6,'Liberty Bowl Memorial Stadium, Memphis, TN'),(372,'2018-10-06',134,2018,6,'Rose Bowl, Pasadena, CA'),(373,'2018-10-06',65,2018,6,'TCF Bank Stadium, Minneapolis, MN'),(374,'2018-10-06',71,2018,6,'High Point Solutions Stadium, Piscataway, NJ'),(375,'2018-10-06',77,2018,6,'Cotton Bowl, Dallas, TX'),(376,'2018-10-06',72,2018,6,'Camp Randall Stadium, Madison, WI'),(377,'2018-10-06',149,2018,6,'Williams-Brice Stadium, Columbia, SC'),(378,'2018-10-06',127,2018,6,'Arizona Stadium, Tucson, AZ'),(379,'2018-10-06',143,2018,6,'Sanford Stadium, Athens, GA'),(380,'2018-10-06',140,2018,6,'Donald W. Reynolds Razorback Stadium, Fayetteville, AR'),(381,'2018-10-06',151,2018,6,'Kyle Field, College Station, TX'),(382,'2018-10-06',58,2018,6,'BB&T Field, Winston-Salem, NC'),(383,'2018-10-06',57,2018,6,'Lane Stadium, Blacksburg, VA'),(384,'2018-10-06',104,2018,6,'Scheumann Stadium, Muncie, IN'),(385,'2018-10-06',78,2018,6,'Boone Pickens Stadium, Stillwater, OK'),(386,'2018-10-06',116,2018,6,'Albertsons Stadium, Boise, ID'),(387,'2018-10-06',146,2018,6,'Davis Wade Stadium at Scott Field, Starkville, MS'),(388,'2018-10-06',132,2018,6,'Reser Stadium, Corvallis, OR'),(389,'2018-10-06',82,2018,6,'Mountaineer Field at Milan Puskar Stadium, Morgantown, WV'),(390,'2018-10-06',120,2018,6,'Mackay Stadium, Reno, NV'),(391,'2018-10-06',40,2018,6,'Lincoln Financial Field, Philadelphia, PA'),(392,'2018-10-06',199,2018,6,'Holt Arena, Pocatello, ID'),(393,'2018-10-06',68,2018,6,'Ohio Stadium, Columbus , OH'),(394,'2018-10-06',107,2018,6,'Kelly/Shorts Stadium, Mount Pleasant, MI'),(395,'2018-10-06',124,2018,6,'Sam Boyd Stadium, Las Vegas, NV'),(396,'2018-10-06',43,2018,6,'Spectrum Stadium, Orlando, FL'),(397,'2018-10-06',33,2018,6,'Nippert Stadium, Cincinnati , OH'),(398,'2018-10-06',133,2018,6,'Stanford Stadium, Stanford, CA'),(399,'2018-10-06',130,2018,6,'Folsom Field, Boulder, CO'),(400,'2018-10-06',73,2018,6,'McLane Stadium, Waco, TX'),(401,'2018-10-06',156,2018,6,'Allen E. Paulson Stadium, Statesboro, GA'),(402,'2018-10-06',102,2018,6,'Warren McGuirk Alumni Stadium, Amherst, MA'),(403,'2018-10-06',54,2018,6,'Heinz Field, Pittsburgh, PA'),(404,'2018-10-06',51,2018,6,'Hard Rock Stadium, Miami Gardens, FL'),(405,'2018-10-06',142,2018,6,'Ben Hill Griffin Stadium, Gainesville, FL'),(406,'2018-10-06',52,2018,6,'Wayne Day Family Field at Carter-Finley Stadium, Raleigh, NC'),(407,'2018-10-06',148,2018,6,'Vaught-Hemingway Stadium, Oxford, MS'),(408,'2018-10-06',84,2018,6,'FAU Stadium, Boca Raton, FL'),(409,'2018-10-06',160,2018,6,'Jim Wacker Field at Bobcat Stadium, San Marcos, TX'),(410,'2018-10-06',113,2018,6,'The Glass Bowl, Toledo, OH'),(411,'2018-10-06',109,2018,6,'Dix Stadium, Kent, OH'),(412,'2018-10-06',103,2018,6,'InfoCision Stadium-Summa Field, Akron, OH'),(413,'2018-10-06',115,2018,6,'Falcon Stadium, U.S. Air Force Academy, CO'),(414,'2018-10-06',91,2018,6,'Rice Stadium, Houston, TX'),(415,'2018-10-06',86,2018,6,'Joe Aillet Stadium, Ruston, LA'),(416,'2018-10-06',95,2018,6,'Sun Bowl Stadium, El Paso, TX'),(417,'2018-10-06',100,2018,6,'Aggie Memorial Stadium, Las Cruces, NM'),(418,'2018-10-06',123,2018,6,'CEFCU Stadium, San Jose, CA'),(419,'2018-10-06',119,2018,6,'Hawaiian Tel Federal Credit Union Field , Honolulu, HI'),(420,'2018-10-09',154,2018,7,'Centennial Bank Stadium, Jonesboro, AR'),(421,'2018-10-11',160,2018,7,'Jim Wacker Field at Bobcat Stadium, San Marcos, TX'),(422,'2018-10-11',79,2018,7,'Amon G. Carter Stadium, Fort Worth, TX'),(423,'2018-10-12',42,2018,7,'Skelly Field at H.A. Chapman Stadium, Tulsa , OK'),(424,'2018-10-12',122,2018,7,'San Diego County Credit Union Stadium, San Diego, CA'),(425,'2018-10-12',136,2018,7,'Rice-Eccles Stadium, Salt Lake City, UT'),(426,'2018-10-13',67,2018,7,'Ryan Field, Evanston, IL'),(427,'2018-10-13',62,2018,7,'Capital One Field at Maryland Stadium, College Park, MD'),(428,'2018-10-13',60,2018,7,'Memorial Stadium (Bloomington, IN), Bloomington, IN'),(429,'2018-10-13',131,2018,7,'Autzen Stadium, Eugene, OR'),(430,'2018-10-13',56,2018,7,'Scott Stadium, Charlottesville, VA'),(431,'2018-10-13',145,2018,7,'Tiger Stadium, Baton Rouge, LA'),(432,'2018-10-13',125,2018,7,'Merlin Olsen Field at Maverik Stadium, Logan, UT'),(433,'2018-10-13',91,2018,7,'Rice Stadium, Houston, TX'),(434,'2018-10-13',159,2018,7,'Ladd-Peebles Stadium, Mobile, AL'),(435,'2018-10-13',139,2018,7,'Bryant-Denny Stadium, Tuscaloosa, AL'),(436,'2018-10-13',80,2018,7,'Darrell K Royal-Texas Memorial Stadium, Austin, TX'),(437,'2018-10-13',129,2018,7,'California Memorial Stadium, Berkeley, CA'),(438,'2018-10-13',135,2018,7,'Los Angeles Memorial Coliseum, Los Angeles, CA'),(439,'2018-10-13',107,2018,7,'Kelly/Shorts Stadium, Mount Pleasant, MI'),(440,'2018-10-13',36,2018,7,'Liberty Bowl Memorial Stadium, Memphis, TN'),(441,'2018-10-13',98,2018,7,'LaVell Edwards Stadium, Provo, UT'),(442,'2018-10-13',152,2018,7,'Vanderbilt Stadium, Nashville, TN'),(443,'2018-10-13',149,2018,7,'Williams-Brice Stadium, Columbia, SC'),(444,'2018-10-13',141,2018,7,'Jordan-Hare Stadium, Auburn, AL'),(445,'2018-10-13',59,2018,7,'Memorial Stadium (Champaign, IL), Champaign, IL'),(446,'2018-10-13',63,2018,7,'Michigan Stadium, Ann Arbor, MI'),(447,'2018-10-13',106,2018,7,'UB Stadium, Buffalo, NY'),(448,'2018-10-13',68,2018,7,'Ohio Stadium, Columbus , OH'),(449,'2018-10-13',34,2018,7,'Bagwell Field at Dowdy-Ficklen Stadium, Greenville, NC'),(450,'2018-10-13',172,2018,7,'Bobcat Stadium, Bozeman, MT'),(451,'2018-10-13',110,2018,7,'Fred C. Yager Stadium, Oxford, OH'),(452,'2018-10-13',45,2018,7,'Alumni Stadium, Chestnut Hill, MA'),(453,'2018-10-13',118,2018,7,'Bulldog Stadium at Jim Sweeney Field, Fresno, CA'),(454,'2018-10-13',117,2018,7,'Sonny Lubick Field at Colorado State Stadium, Fort Collins, CO'),(455,'2018-10-13',76,2018,7,'Bill Snyder Family Football Stadium, Manhattan, KS'),(456,'2018-10-13',49,2018,7,'Bobby Dodd Stadium at Historic Grant Field, Atlanta, GA'),(457,'2018-10-13',140,2018,7,'War Memorial Stadium (AR), Little Rock, AR'),(458,'2018-10-13',108,2018,7,'Rynearson Stadium, Ypsilanti, MI'),(459,'2018-10-13',123,2018,7,'CEFCU Stadium, San Jose, CA'),(460,'2018-10-13',158,2018,7,'Cajun Field, Lafayette, LA'),(461,'2018-10-13',155,2018,7,'Brooks Stadium, Conway, SC'),(462,'2018-10-13',69,2018,7,'Beaver Stadium, University Park, PA'),(463,'2018-10-13',53,2018,7,'Kenan Memorial Stadium, Chapel Hill, NC'),(464,'2018-10-13',74,2018,7,'Jack Trice Stadium, Ames, IA'),(465,'2018-10-13',89,2018,7,'Apogee Stadium, Denton, TX'),(466,'2018-10-13',99,2018,7,'Williams Stadium, Lynchburg, VA'),(467,'2018-10-13',101,2018,7,'Notre Dame Stadium, South Bend, IN'),(468,'2018-10-13',105,2018,7,'Doyt L. Perry Stadium, Bowling Green, OH'),(469,'2018-10-13',111,2018,7,'Brigham Field at Huskie Stadium, DeKalb, IL'),(470,'2018-10-13',90,2018,7,'Foreman Field at S. B. Ballard Stadium, Norfolk, VA'),(471,'2018-10-13',37,2018,7,'Navy-Marine Corps Memorial Stadium, Annapolis, MD'),(472,'2018-10-13',83,2018,7,'Jerry Richardson Stadium, Charlotte, NC'),(473,'2018-10-13',94,2018,7,'Alamodome, San Antonio, TX'),(474,'2018-10-13',85,2018,7,'Riccardo Silva Stadium, Miami, FL'),(475,'2018-10-13',120,2018,7,'Mackay Stadium, Reno, NV'),(476,'2018-10-18',154,2018,8,'Centennial Bank Stadium, Jonesboro, AR'),(477,'2018-10-18',128,2018,8,'Sun Devil Stadium, Tempe, AZ'),(478,'2018-10-19',116,2018,8,'Albertsons Stadium, Boise, ID'),(479,'2018-10-19',124,2018,8,'Sam Boyd Stadium, Las Vegas, NV'),(480,'2018-10-20',71,2018,8,'High Point Solutions Stadium, Piscataway, NJ'),(481,'2018-10-20',61,2018,8,'Kinnick Stadium, Iowa City, IA'),(482,'2018-10-20',72,2018,8,'Camp Randall Stadium, Madison, WI'),(483,'2018-10-20',97,2018,8,'Michie Stadium, West Point, NY'),(484,'2018-10-20',81,2018,8,'Jones AT&T Stadium, Lubbock, TX'),(485,'2018-10-20',121,2018,8,'Dreamstyle Stadium, Albuquerque, NM'),(486,'2018-10-20',113,2018,8,'The Glass Bowl, Toledo, OH'),(487,'2018-10-20',79,2018,8,'Amon G. Carter Stadium, Fort Worth, TX'),(488,'2018-10-20',60,2018,8,'Memorial Stadium (Bloomington, IN), Bloomington, IN'),(489,'2018-10-20',39,2018,8,'Raymond James Stadium, Tampa, FL'),(490,'2018-10-20',47,2018,8,'Brooks Field at Wallace Wade Stadium, Durham, NC'),(491,'2018-10-20',70,2018,8,'Ross-Ade Stadium, West Lafayette, IN'),(492,'2018-10-20',64,2018,8,'Spartan Stadium, East Lansing, MI'),(493,'2018-10-20',140,2018,8,'Donald W. Reynolds Razorback Stadium, Fayetteville, AR'),(494,'2018-10-20',46,2018,8,'Memorial Stadium, Clemson, SC'),(495,'2018-10-20',150,2018,8,'Neyland Stadium, Knoxville, TN'),(496,'2018-10-20',132,2018,8,'Reser Stadium, Corvallis, OR'),(497,'2018-10-20',137,2018,8,'Alaska Airlines Field at Husky Stadium, Seattle, WA'),(498,'2018-10-20',34,2018,8,'Bagwell Field at Dowdy-Ficklen Stadium, Greenville, NC'),(499,'2018-10-20',147,2018,8,'Faurot Field at Memorial Stadium, Columbia, MO'),(500,'2018-10-20',148,2018,8,'Vaught-Hemingway Stadium, Oxford, MS'),(501,'2018-10-20',109,2018,8,'Dix Stadium, Kent, OH'),(502,'2018-10-20',66,2018,8,'Memorial Stadium (Lincoln, NE), Lincoln , NE'),(503,'2018-10-20',102,2018,8,'Warren McGuirk Alumni Stadium, Amherst, MA'),(504,'2018-10-20',153,2018,8,'Kidd Brewer Stadium, Boone, NC'),(505,'2018-10-20',136,2018,8,'Rice-Eccles Stadium, Salt Lake City, UT'),(506,'2018-10-20',138,2018,8,'Martin Stadium, Pullman, WA'),(507,'2018-10-20',55,2018,8,'Carrier Dome, Syracuse, NY'),(508,'2018-10-20',40,2018,8,'Lincoln Financial Field, Philadelphia, PA'),(509,'2018-10-20',126,2018,8,'Jonah Field at War Memorial Stadium, Laramie, WY'),(510,'2018-10-20',235,2018,8,'Kibbie Dome, Moscow, ID'),(511,'2018-10-20',41,2018,8,'Yulman Stadium, New Orleans, LA'),(512,'2018-10-20',162,2018,8,'JPS Field at Malone Stadium, Monroe, LA'),(513,'2018-10-20',144,2018,8,'Kroger Field, Lexington, KY'),(514,'2018-10-20',48,2018,8,'Bobby Bowden Field at Doak Campbell Stadium, Tallahassee, FL'),(515,'2018-10-20',145,2018,8,'Tiger Stadium, Baton Rouge, LA'),(516,'2018-10-20',134,2018,8,'Rose Bowl, Pasadena, CA'),(517,'2018-10-20',112,2018,8,'Peden Stadium, Athens, OH'),(518,'2018-10-20',87,2018,8,'Joan C. Edwards Stadium, Huntington, WV'),(519,'2018-10-20',88,2018,8,'Johnny Red Floyd Stadium, Murfreesboro, TN'),(520,'2018-10-20',104,2018,8,'Scheumann Stadium, Muncie, IN'),(521,'2018-10-20',107,2018,8,'Kelly/Shorts Stadium, Mount Pleasant, MI'),(522,'2018-10-20',37,2018,8,'Navy-Marine Corps Memorial Stadium, Annapolis, MD'),(523,'2018-10-20',86,2018,8,'Joe Aillet Stadium, Ruston, LA'),(524,'2018-10-20',100,2018,8,'Aggie Memorial Stadium, Las Cruces, NM'),(525,'2018-10-20',92,2018,8,'M.M. Roberts Stadium, Hattiesburg, MS'),(526,'2018-10-20',96,2018,8,'Houchens Industries-L.T. Smith Stadium, Bowling Green, KY'),(527,'2018-10-20',93,2018,8,'Legion Field, Birmingham, AL'),(528,'2018-10-20',85,2018,8,'Riccardo Silva Stadium, Miami, FL'),(529,'2018-10-20',122,2018,8,'San Diego County Credit Union Stadium, San Diego, CA'),(530,'2018-10-20',119,2018,8,'Hawaiian Tel Federal Credit Union Field , Honolulu, HI'),(531,'2018-10-23',159,2018,9,'Ladd-Peebles Stadium, Mobile, AL'),(532,'2018-10-25',114,2018,9,'Waldo Stadium, Kalamazoo , MI'),(533,'2018-10-25',112,2018,9,'Peden Stadium, Athens, OH'),(534,'2018-10-25',82,2018,9,'Mountaineer Field at Milan Puskar Stadium, Morgantown, WV'),(535,'2018-10-25',57,2018,9,'Lane Stadium, Blacksburg, VA'),(536,'2018-10-25',156,2018,9,'Allen E. Paulson Stadium, Statesboro, GA'),(537,'2018-10-26',84,2018,9,'FAU Stadium, Boca Raton, FL'),(538,'2018-10-26',45,2018,9,'Alumni Stadium, Chestnut Hill, MA'),(539,'2018-10-26',65,2018,9,'TCF Bank Stadium, Minneapolis, MN'),(540,'2018-10-26',117,2018,9,'Sonny Lubick Field at Colorado State Stadium, Fort Collins, CO'),(541,'2018-10-26',134,2018,9,'Rose Bowl, Pasadena, CA'),(542,'2018-10-27',125,2018,9,'Merlin Olsen Field at Maverik Stadium, Logan, UT'),(543,'2018-10-27',42,2018,9,'Skelly Field at H.A. Chapman Stadium, Tulsa , OK'),(544,'2018-10-27',140,2018,9,'Donald W. Reynolds Razorback Stadium, Fayetteville, AR'),(545,'2018-10-27',50,2018,9,'Cardinal Stadium, Louisville, KY'),(546,'2018-10-27',54,2018,9,'Heinz Field, Pittsburgh, PA'),(547,'2018-10-27',204,2018,9,'Roos Field, Cheney, WA'),(548,'2018-10-27',129,2018,9,'California Memorial Stadium, Berkeley, CA'),(549,'2018-10-27',130,2018,9,'Folsom Field, Boulder, CO'),(550,'2018-10-27',44,2018,9,'Pratt and Whitney Stadium at Rentschler Field, East Hartford, CT'),(551,'2018-10-27',69,2018,9,'Beaver Stadium, University Park, PA'),(552,'2018-10-27',62,2018,9,'Capital One Field at Maryland Stadium, College Park, MD'),(553,'2018-10-27',78,2018,9,'Boone Pickens Stadium, Stillwater, OK'),(554,'2018-10-27',74,2018,9,'Jack Trice Stadium, Ames, IA'),(555,'2018-10-27',55,2018,9,'Carrier Dome, Syracuse, NY'),(556,'2018-10-27',123,2018,9,'CEFCU Stadium, San Jose, CA'),(557,'2018-10-27',103,2018,9,'InfoCision Stadium-Summa Field, Akron, OH'),(558,'2018-10-27',77,2018,9,'Gaylord Family Oklahoma Memorial Stadium, Norman, OK'),(559,'2018-10-27',158,2018,9,'Cajun Field, Lafayette, LA'),(560,'2018-10-27',135,2018,9,'Los Angeles Memorial Coliseum, Los Angeles, CA'),(561,'2018-10-27',147,2018,9,'Faurot Field at Memorial Stadium, Columbia, MO'),(562,'2018-10-27',48,2018,9,'Bobby Bowden Field at Doak Campbell Stadium, Tallahassee, FL'),(563,'2018-10-27',98,2018,9,'LaVell Edwards Stadium, Provo, UT'),(564,'2018-10-27',118,2018,9,'Bulldog Stadium at Jim Sweeney Field, Fresno, CA'),(565,'2018-10-27',146,2018,9,'Davis Wade Stadium at Scott Field, Starkville, MS'),(566,'2018-10-27',35,2018,9,'John O\'Quinn Field at TDECU Stadium, Houston, TX'),(567,'2018-10-27',75,2018,9,'Memorial Stadium (Lawrence, KS), Lawrence, KS'),(568,'2018-10-27',108,2018,9,'Rynearson Stadium, Ypsilanti, MI'),(569,'2018-10-27',38,2018,9,'Gerald J. Ford Stadium, Dallas, TX'),(570,'2018-10-27',56,2018,9,'Scott Stadium, Charlottesville, VA'),(571,'2018-10-27',160,2018,9,'Jim Wacker Field at Bobcat Stadium, San Marcos, TX'),(572,'2018-10-27',127,2018,9,'Arizona Stadium, Tucson, AZ'),(573,'2018-10-27',133,2018,9,'Stanford Stadium, Stanford, CA'),(574,'2018-10-27',157,2018,9,'Georgia State Stadium, Atlanta, GA'),(575,'2018-10-27',67,2018,9,'Ryan Field, Evanston, IL'),(576,'2018-10-27',64,2018,9,'Spartan Stadium, East Lansing, MI'),(577,'2018-10-27',120,2018,9,'Mackay Stadium, Reno, NV'),(578,'2018-10-27',149,2018,9,'Williams-Brice Stadium, Columbia, SC'),(579,'2018-10-27',83,2018,9,'Jerry Richardson Stadium, Charlotte, NC'),(580,'2018-10-27',90,2018,9,'Foreman Field at S. B. Ballard Stadium, Norfolk, VA'),(581,'2018-10-27',143,2018,9,'TIAA Bank Field, Jacksonville, FL'),(582,'2018-10-27',89,2018,9,'Apogee Stadium, Denton, TX'),(583,'2018-10-27',115,2018,9,'Falcon Stadium, U.S. Air Force Academy, CO'),(584,'2018-10-27',95,2018,9,'Sun Bowl Stadium, El Paso, TX'),(585,'2018-10-27',96,2018,9,'Houchens Industries-L.T. Smith Stadium, Bowling Green, KY'),(586,'2018-10-27',101,2018,9,'San Diego County Credit Union Stadium, San Diego, CA'),(587,'2018-10-30',105,2018,10,'Doyt L. Perry Stadium, Bowling Green, OH'),(588,'2018-10-30',106,2018,10,'UB Stadium, Buffalo, NY'),(589,'2018-10-31',113,2018,10,'The Glass Bowl, Toledo, OH'),(590,'2018-11-01',114,2018,10,'Waldo Stadium, Kalamazoo , MI'),(591,'2018-11-01',103,2018,10,'InfoCision Stadium-Summa Field, Akron, OH'),(592,'2018-11-01',43,2018,10,'Spectrum Stadium, Orlando, FL'),(593,'2018-11-02',56,2018,10,'Scott Stadium, Charlottesville, VA'),(594,'2018-11-02',88,2018,10,'Johnny Red Floyd Stadium, Murfreesboro, TN'),(595,'2018-11-02',127,2018,10,'Arizona Stadium, Tucson, AZ'),(596,'2018-11-03',97,2018,10,'Michie Stadium, West Point, NY'),(597,'2018-11-03',38,2018,10,'Gerald J. Ford Stadium, Dallas, TX'),(598,'2018-11-03',46,2018,10,'Memorial Stadium, Clemson, SC'),(599,'2018-11-03',116,2018,10,'Albertsons Stadium, Boise, ID'),(600,'2018-11-03',73,2018,10,'McLane Stadium, Waco, TX'),(601,'2018-11-03',81,2018,10,'Jones AT&T Stadium, Lubbock, TX'),(602,'2018-11-03',63,2018,10,'Michigan Stadium, Ann Arbor, MI'),(603,'2018-11-03',72,2018,10,'Camp Randall Stadium, Madison, WI'),(604,'2018-11-03',157,2018,10,'Georgia State Stadium, Atlanta, GA'),(605,'2018-11-03',39,2018,10,'Raymond James Stadium, Tampa, FL'),(606,'2018-11-03',128,2018,10,'Sun Devil Stadium, Tempe, AZ'),(607,'2018-11-03',51,2018,10,'Hard Rock Stadium, Miami Gardens, FL'),(608,'2018-11-03',53,2018,10,'Kenan Memorial Stadium, Chapel Hill, NC'),(609,'2018-11-03',42,2018,10,'Skelly Field at H.A. Chapman Stadium, Tulsa , OK'),(610,'2018-11-03',33,2018,10,'Nippert Stadium, Cincinnati , OH'),(611,'2018-11-03',70,2018,10,'Ross-Ade Stadium, West Lafayette, IN'),(612,'2018-11-03',144,2018,10,'Kroger Field, Lexington, KY'),(613,'2018-11-03',162,2018,10,'JPS Field at Malone Stadium, Monroe, LA'),(614,'2018-11-03',68,2018,10,'Ohio Stadium, Columbus , OH'),(615,'2018-11-03',142,2018,10,'Ben Hill Griffin Stadium, Gainesville, FL'),(616,'2018-11-03',131,2018,10,'Autzen Stadium, Eugene, OR'),(617,'2018-11-03',138,2018,10,'Martin Stadium, Pullman, WA'),(618,'2018-11-03',108,2018,10,'Rynearson Stadium, Ypsilanti, MI'),(619,'2018-11-03',145,2018,10,'Tiger Stadium, Baton Rouge, LA'),(620,'2018-11-03',67,2018,10,'Ryan Field, Evanston, IL'),(621,'2018-11-03',150,2018,10,'Neyland Stadium, Knoxville, TN'),(622,'2018-11-03',34,2018,10,'Bagwell Field at Dowdy-Ficklen Stadium, Greenville, NC'),(623,'2018-11-03',75,2018,10,'Memorial Stadium (Lawrence, KS), Lawrence, KS'),(624,'2018-11-03',141,2018,10,'Jordan-Hare Stadium, Auburn, AL'),(625,'2018-11-03',79,2018,10,'Amon G. Carter Stadium, Fort Worth, TX'),(626,'2018-11-03',155,2018,10,'Brooks Stadium, Conway, SC'),(627,'2018-11-03',154,2018,10,'Centennial Bank Stadium, Jonesboro, AR'),(628,'2018-11-03',148,2018,10,'Vaught-Hemingway Stadium, Oxford, MS'),(629,'2018-11-03',137,2018,10,'Alaska Airlines Field at Husky Stadium, Seattle, WA'),(630,'2018-11-03',58,2018,10,'BB&T Field, Winston-Salem, NC'),(631,'2018-11-03',52,2018,10,'Wayne Day Family Field at Carter-Finley Stadium, Raleigh, NC'),(632,'2018-11-03',102,2018,10,'Warren McGuirk Alumni Stadium, Amherst, MA'),(633,'2018-11-03',146,2018,10,'Davis Wade Stadium at Scott Field, Starkville, MS'),(634,'2018-11-03',57,2018,10,'Lane Stadium, Blacksburg, VA'),(635,'2018-11-03',126,2018,10,'Jonah Field at War Memorial Stadium, Laramie, WY'),(636,'2018-11-03',62,2018,10,'Capital One Field at Maryland Stadium, College Park, MD'),(637,'2018-11-03',132,2018,10,'Reser Stadium, Corvallis, OR'),(638,'2018-11-03',161,2018,10,'Veterans Memorial Stadium, Troy, AL'),(639,'2018-11-03',80,2018,10,'Darrell K Royal-Texas Memorial Stadium, Austin, TX'),(640,'2018-11-03',59,2018,10,'Memorial Stadium (Champaign, IL), Champaign, IL'),(641,'2018-11-03',235,2018,10,'Kibbie Dome, Moscow, ID'),(642,'2018-11-03',121,2018,10,'Dreamstyle Stadium, Albuquerque, NM'),(643,'2018-11-03',92,2018,10,'M.M. Roberts Stadium, Hattiesburg, MS'),(644,'2018-11-03',91,2018,10,'Rice Stadium, Houston, TX'),(645,'2018-11-03',100,2018,10,'Aggie Memorial Stadium, Las Cruces, NM'),(646,'2018-11-03',93,2018,10,'Legion Field, Birmingham, AL'),(647,'2018-11-03',85,2018,10,'Riccardo Silva Stadium, Miami, FL'),(648,'2018-11-03',124,2018,10,'Sam Boyd Stadium, Las Vegas, NV'),(649,'2018-11-03',119,2018,10,'Hawaiian Tel Federal Credit Union Field , Honolulu, HI'),(650,'2018-11-06',106,2018,11,'UB Stadium, Buffalo, NY'),(651,'2018-11-07',110,2018,11,'Fred C. Yager Stadium, Oxford, OH'),(652,'2018-11-07',111,2018,11,'Brigham Field at Huskie Stadium, DeKalb, IL'),(653,'2018-11-08',52,2018,11,'Wayne Day Family Field at Carter-Finley Stadium, Raleigh, NC'),(654,'2018-11-09',55,2018,11,'Carrier Dome, Syracuse, NY'),(655,'2018-11-09',116,2018,11,'Albertsons Stadium, Boise, ID'),(656,'2018-11-10',97,2018,11,'Michie Stadium, West Point, NY'),(657,'2018-11-10',66,2018,11,'Memorial Stadium (Lincoln, NE), Lincoln , NE'),(658,'2018-11-10',49,2018,11,'Bobby Dodd Stadium at Historic Grant Field, Atlanta, GA'),(659,'2018-11-10',71,2018,11,'High Point Solutions Stadium, Piscataway, NJ'),(660,'2018-11-10',107,2018,11,'Kelly/Shorts Stadium, Mount Pleasant, MI'),(661,'2018-11-10',64,2018,11,'Spartan Stadium, East Lansing, MI'),(662,'2018-11-10',133,2018,11,'Stanford Stadium, Stanford, CA'),(663,'2018-11-10',156,2018,11,'Veterans Memorial Stadium, Troy, AL'),(664,'2018-11-10',43,2018,11,'Spectrum Stadium, Orlando, FL'),(665,'2018-11-10',76,2018,11,'Bill Snyder Family Football Stadium, Manhattan, KS'),(666,'2018-11-10',41,2018,11,'Yulman Stadium, New Orleans, LA'),(667,'2018-11-10',102,2018,11,'Warren McGuirk Alumni Stadium, Amherst, MA'),(668,'2018-11-10',77,2018,11,'Gaylord Family Oklahoma Memorial Stadium, Norman, OK'),(669,'2018-11-10',44,2018,11,'Pratt and Whitney Stadium at Rentschler Field, East Hartford, CT'),(670,'2018-11-10',147,2018,11,'Faurot Field at Memorial Stadium, Columbia, MO'),(671,'2018-11-10',36,2018,11,'Liberty Bowl Memorial Stadium, Memphis, TN'),(672,'2018-11-10',81,2018,11,'Jones AT&T Stadium, Lubbock, TX'),(673,'2018-11-10',35,2018,11,'John O\'Quinn Field at TDECU Stadium, Houston, TX'),(674,'2018-11-10',122,2018,11,'San Diego County Credit Union Stadium, San Diego, CA'),(675,'2018-11-10',120,2018,11,'Mackay Stadium, Reno, NV'),(676,'2018-11-10',74,2018,11,'Jack Trice Stadium, Ames, IA'),(677,'2018-11-10',135,2018,11,'Los Angeles Memorial Coliseum, Los Angeles, CA'),(678,'2018-11-10',128,2018,11,'Sun Devil Stadium, Tempe, AZ'),(679,'2018-11-10',155,2018,11,'Brooks Stadium, Conway, SC'),(680,'2018-11-10',60,2018,11,'Memorial Stadium (Bloomington, IN), Bloomington, IN'),(681,'2018-11-10',150,2018,11,'Neyland Stadium, Knoxville, TN'),(682,'2018-11-10',45,2018,11,'Alumni Stadium, Chestnut Hill, MA'),(683,'2018-11-10',235,2018,11,'Kibbie Dome, Moscow, ID'),(684,'2018-11-10',158,2018,11,'Cajun Field, Lafayette, LA'),(685,'2018-11-10',65,2018,11,'TCF Bank Stadium, Minneapolis, MN'),(686,'2018-11-10',139,2018,11,'Bryant-Denny Stadium, Tuscaloosa, AL'),(687,'2018-11-10',151,2018,11,'Kyle Field, College Station, TX'),(688,'2018-11-10',160,2018,11,'Jim Wacker Field at Bobcat Stadium, San Marcos, TX'),(689,'2018-11-10',142,2018,11,'Ben Hill Griffin Stadium, Gainesville, FL'),(690,'2018-11-10',33,2018,11,'Nippert Stadium, Cincinnati , OH'),(691,'2018-11-10',82,2018,11,'Mountaineer Field at Milan Puskar Stadium, Morgantown, WV'),(692,'2018-11-10',84,2018,11,'FAU Stadium, Boca Raton, FL'),(693,'2018-11-10',56,2018,11,'Scott Stadium, Charlottesville, VA'),(694,'2018-11-10',140,2018,11,'Donald W. Reynolds Razorback Stadium, Fayetteville, AR'),(695,'2018-11-10',47,2018,11,'Brooks Field at Wallace Wade Stadium, Durham, NC'),(696,'2018-11-10',159,2018,11,'Ladd-Peebles Stadium, Mobile, AL'),(697,'2018-11-10',136,2018,11,'Rice-Eccles Stadium, Salt Lake City, UT'),(698,'2018-11-10',125,2018,11,'Merlin Olsen Field at Maverik Stadium, Logan, UT'),(699,'2018-11-10',54,2018,11,'Heinz Field, Pittsburgh, PA'),(700,'2018-11-10',130,2018,11,'Folsom Field, Boulder, CO'),(701,'2018-11-10',108,2018,11,'Rynearson Stadium, Ypsilanti, MI'),(702,'2018-11-10',143,2018,11,'Sanford Stadium, Athens, GA'),(703,'2018-11-10',69,2018,11,'Beaver Stadium, University Park, PA'),(704,'2018-11-10',61,2018,11,'Kinnick Stadium, Iowa City, IA'),(705,'2018-11-10',90,2018,11,'Foreman Field at S. B. Ballard Stadium, Norfolk, VA'),(706,'2018-11-10',87,2018,11,'Joan C. Edwards Stadium, Huntington, WV'),(707,'2018-11-10',95,2018,11,'Sun Bowl Stadium, El Paso, TX'),(708,'2018-11-10',115,2018,11,'Falcon Stadium, U.S. Air Force Academy, CO'),(709,'2018-11-10',94,2018,11,'Alamodome, San Antonio, TX'),(710,'2018-11-10',86,2018,11,'Joe Aillet Stadium, Ruston, LA'),(711,'2018-11-10',93,2018,11,'Legion Field, Birmingham, AL'),(712,'2018-11-10',101,2018,11,'Notre Dame Stadium, South Bend, IN'),(713,'2018-11-13',104,2018,12,'Scheumann Stadium, Muncie, IN'),(714,'2018-11-14',111,2018,12,'Brigham Field at Huskie Stadium, DeKalb, IL'),(715,'2018-11-14',112,2018,12,'Peden Stadium, Athens, OH'),(716,'2018-11-15',109,2018,12,'Dix Stadium, Kent, OH'),(717,'2018-11-15',35,2018,12,'John O\'Quinn Field at TDECU Stadium, Houston, TX'),(718,'2018-11-15',89,2018,12,'Apogee Stadium, Denton, TX'),(719,'2018-11-16',121,2018,12,'Dreamstyle Stadium, Albuquerque, NM'),(720,'2018-11-16',38,2018,12,'Gerald J. Ford Stadium, Dallas, TX'),(721,'2018-11-17',97,2018,12,'Michie Stadium, West Point, NY'),(722,'2018-11-17',144,2018,12,'Kroger Field, Lexington, KY'),(723,'2018-11-17',150,2018,12,'Neyland Stadium, Knoxville, TN'),(724,'2018-11-17',151,2018,12,'Kyle Field, College Station, TX'),(725,'2018-11-17',50,2018,12,'Cardinal Stadium, Louisville, KY'),(726,'2018-11-17',76,2018,12,'Bill Snyder Family Football Stadium, Manhattan, KS'),(727,'2018-11-17',126,2018,12,'Jonah Field at War Memorial Stadium, Laramie, WY'),(728,'2018-11-17',155,2018,12,'Brooks Stadium, Conway, SC'),(729,'2018-11-17',59,2018,12,'Memorial Stadium (Champaign, IL), Champaign, IL'),(730,'2018-11-17',143,2018,12,'Sanford Stadium, Athens, GA'),(731,'2018-11-17',57,2018,12,'Lane Stadium, Blacksburg, VA'),(732,'2018-11-17',103,2018,12,'InfoCision Stadium-Summa Field, Akron, OH'),(733,'2018-11-17',62,2018,12,'Capital One Field at Maryland Stadium, College Park, MD'),(734,'2018-11-17',137,2018,12,'Alaska Airlines Field at Husky Stadium, Seattle, WA'),(735,'2018-11-17',58,2018,12,'BB&T Field, Winston-Salem, NC'),(736,'2018-11-17',49,2018,12,'Bobby Dodd Stadium at Historic Grant Field, Atlanta, GA'),(737,'2018-11-17',34,2018,12,'Bagwell Field at Dowdy-Ficklen Stadium, Greenville, NC'),(738,'2018-11-17',77,2018,12,'Gaylord Family Oklahoma Memorial Stadium, Norman, OK'),(739,'2018-11-17',142,2018,12,'Ben Hill Griffin Stadium, Gainesville, FL'),(740,'2018-11-17',63,2018,12,'Michigan Stadium, Ann Arbor, MI'),(741,'2018-11-17',71,2018,12,'High Point Solutions Stadium, Piscataway, NJ'),(742,'2018-11-17',145,2018,12,'Tiger Stadium, Baton Rouge, LA'),(743,'2018-11-17',161,2018,12,'Veterans Memorial Stadium, Troy, AL'),(744,'2018-11-17',130,2018,12,'Folsom Field, Boulder, CO'),(745,'2018-11-17',46,2018,12,'Memorial Stadium, Clemson, SC'),(746,'2018-11-17',152,2018,12,'Vanderbilt Stadium, Nashville, TN'),(747,'2018-11-17',138,2018,12,'Martin Stadium, Pullman, WA'),(748,'2018-11-17',146,2018,12,'Davis Wade Stadium at Scott Field, Starkville, MS'),(749,'2018-11-17',158,2018,12,'Cajun Field, Lafayette, LA'),(750,'2018-11-17',40,2018,12,'Lincoln Financial Field, Philadelphia, PA'),(751,'2018-11-17',129,2018,12,'California Memorial Stadium, Berkeley, CA'),(752,'2018-11-17',73,2018,12,'McLane Stadium, Waco, TX'),(753,'2018-11-17',117,2018,12,'Sonny Lubick Field at Colorado State Stadium, Fort Collins, CO'),(754,'2018-11-17',43,2018,12,'Spectrum Stadium, Orlando, FL'),(755,'2018-11-17',141,2018,12,'Jordan-Hare Stadium, Auburn, AL'),(756,'2018-11-17',48,2018,12,'Bobby Bowden Field at Doak Campbell Stadium, Tallahassee, FL'),(757,'2018-11-17',123,2018,12,'CEFCU Stadium, San Jose, CA'),(758,'2018-11-17',98,2018,12,'LaVell Edwards Stadium, Provo, UT'),(759,'2018-11-17',154,2018,12,'Centennial Bank Stadium, Jonesboro, AR'),(760,'2018-11-17',66,2018,12,'Memorial Stadium (Lincoln, NE), Lincoln , NE'),(761,'2018-11-17',134,2018,12,'Rose Bowl, Pasadena, CA'),(762,'2018-11-17',78,2018,12,'Boone Pickens Stadium, Stillwater, OK'),(763,'2018-11-17',70,2018,12,'Ross-Ade Stadium, West Lafayette, IN'),(764,'2018-11-17',65,2018,12,'TCF Bank Stadium, Minneapolis, MN'),(765,'2018-11-17',149,2018,12,'Williams-Brice Stadium, Columbia, SC'),(766,'2018-11-17',153,2018,12,'Kidd Brewer Stadium, Boone, NC'),(767,'2018-11-17',139,2018,12,'Bryant-Denny Stadium, Tuscaloosa, AL'),(768,'2018-11-17',131,2018,12,'Autzen Stadium, Eugene, OR'),(769,'2018-11-17',53,2018,12,'Kenan Memorial Stadium, Chapel Hill, NC'),(770,'2018-11-17',83,2018,12,'Jerry Richardson Stadium, Charlotte, NC'),(771,'2018-11-17',90,2018,12,'Foreman Field at S. B. Ballard Stadium, Norfolk, VA'),(772,'2018-11-17',87,2018,12,'Joan C. Edwards Stadium, Huntington, WV'),(773,'2018-11-17',101,2018,12,'Yankee Stadium, Bronx, NY'),(774,'2018-11-17',92,2018,12,'M.M. Roberts Stadium, Hattiesburg, MS'),(775,'2018-11-17',37,2018,12,'Navy-Marine Corps Memorial Stadium, Annapolis, MD'),(776,'2018-11-17',96,2018,12,'Houchens Industries-L.T. Smith Stadium, Bowling Green, KY'),(777,'2018-11-17',80,2018,12,'Darrell K Royal-Texas Memorial Stadium, Austin, TX'),(778,'2018-11-17',118,2018,12,'Bulldog Stadium at Jim Sweeney Field, Fresno, CA'),(779,'2018-11-17',119,2018,12,'Hawaiian Tel Federal Credit Union Field , Honolulu, HI'),(780,'2018-11-20',114,2018,13,'Waldo Stadium, Kalamazoo , MI'),(781,'2018-11-20',110,2018,13,'Fred C. Yager Stadium, Oxford, OH'),(782,'2018-11-22',115,2018,13,'Falcon Stadium, U.S. Air Force Academy, CO'),(783,'2018-11-22',148,2018,13,'Vaught-Hemingway Stadium, Oxford, MS'),(784,'2018-11-23',61,2018,13,'Kinnick Stadium, Iowa City, IA'),(785,'2018-11-23',75,2018,13,'Memorial Stadium (Lawrence, KS), Lawrence, KS'),(786,'2018-11-23',109,2018,13,'Dix Stadium, Kent, OH'),(787,'2018-11-23',33,2018,13,'Nippert Stadium, Cincinnati , OH'),(788,'2018-11-23',112,2018,13,'Peden Stadium, Athens, OH'),(789,'2018-11-23',159,2018,13,'Ladd-Peebles Stadium, Mobile, AL'),(790,'2018-11-23',36,2018,13,'Liberty Bowl Memorial Stadium, Memphis, TN'),(791,'2018-11-23',57,2018,13,'Lane Stadium, Blacksburg, VA'),(792,'2018-11-23',105,2018,13,'Doyt L. Perry Stadium, Bowling Green, OH'),(793,'2018-11-23',39,2018,13,'Raymond James Stadium, Tampa, FL'),(794,'2018-11-23',113,2018,13,'The Glass Bowl, Toledo, OH'),(795,'2018-11-23',147,2018,13,'Faurot Field at Memorial Stadium, Columbia, MO'),(796,'2018-11-23',132,2018,13,'Reser Stadium, Corvallis, OR'),(797,'2018-11-23',82,2018,13,'Mountaineer Field at Milan Puskar Stadium, Morgantown, WV'),(798,'2018-11-23',138,2018,13,'Martin Stadium, Pullman, WA'),(799,'2018-11-24',68,2018,13,'Ohio Stadium, Columbus , OH'),(800,'2018-11-24',86,2018,13,'Joe Aillet Stadium, Ruston, LA'),(801,'2018-11-24',85,2018,13,'Riccardo Silva Stadium, Miami, FL'),(802,'2018-11-24',91,2018,13,'Rice Stadium, Houston, TX'),(803,'2018-11-24',151,2018,13,'Kyle Field, College Station, TX'),(804,'2018-11-24',116,2018,13,'Albertsons Stadium, Boise, ID'),(805,'2018-11-24',45,2018,13,'Alumni Stadium, Chestnut Hill, MA'),(806,'2018-11-24',134,2018,13,'Rose Bowl, Pasadena, CA'),(807,'2018-11-24',46,2018,13,'Memorial Stadium, Clemson, SC'),(808,'2018-11-24',74,2018,13,'Jack Trice Stadium, Ames, IA'),(809,'2018-11-24',47,2018,13,'Brooks Field at Wallace Wade Stadium, Durham, NC'),(810,'2018-11-24',42,2018,13,'Skelly Field at H.A. Chapman Stadium, Tulsa , OK'),(811,'2018-11-24',64,2018,13,'Spartan Stadium, East Lansing, MI'),(812,'2018-11-24',79,2018,13,'Amon G. Carter Stadium, Fort Worth, TX'),(813,'2018-11-24',121,2018,13,'Dreamstyle Stadium, Albuquerque, NM'),(814,'2018-11-24',136,2018,13,'Rice-Eccles Stadium, Salt Lake City, UT'),(815,'2018-11-24',143,2018,13,'Sanford Stadium, Athens, GA'),(816,'2018-11-24',41,2018,13,'Yulman Stadium, New Orleans, LA'),(817,'2018-11-24',153,2018,13,'Kidd Brewer Stadium, Boone, NC'),(818,'2018-11-24',51,2018,13,'Hard Rock Stadium, Miami Gardens, FL'),(819,'2018-11-24',67,2018,13,'Ryan Field, Evanston, IL'),(820,'2018-11-24',157,2018,13,'Georgia State Stadium, Atlanta, GA'),(821,'2018-11-24',73,2018,13,'AT&T Stadium, Arlington, TX'),(822,'2018-11-24',44,2018,13,'Pratt and Whitney Stadium at Rentschler Field, East Hartford, CT'),(823,'2018-11-24',53,2018,13,'Kenan Memorial Stadium, Chapel Hill, NC'),(824,'2018-11-24',129,2018,13,'California Memorial Stadium, Berkeley, CA'),(825,'2018-11-24',160,2018,13,'Jim Wacker Field at Bobcat Stadium, San Marcos, TX'),(826,'2018-11-24',127,2018,13,'Arizona Stadium, Tucson, AZ'),(827,'2018-11-24',69,2018,13,'Beaver Stadium, University Park, PA'),(828,'2018-11-24',50,2018,13,'Cardinal Stadium, Louisville, KY'),(829,'2018-11-24',118,2018,13,'Bulldog Stadium at Jim Sweeney Field, Fresno, CA'),(830,'2018-11-24',162,2018,13,'JPS Field at Malone Stadium, Monroe, LA'),(831,'2018-11-24',72,2018,13,'Camp Randall Stadium, Madison, WI'),(832,'2018-11-24',139,2018,13,'Bryant-Denny Stadium, Tuscaloosa, AL'),(833,'2018-11-24',60,2018,13,'Memorial Stadium (Bloomington, IN), Bloomington, IN'),(834,'2018-11-24',152,2018,13,'Vanderbilt Stadium, Nashville, TN'),(835,'2018-11-24',48,2018,13,'Bobby Bowden Field at Doak Campbell Stadium, Tallahassee, FL'),(836,'2018-11-24',122,2018,13,'San Diego County Credit Union Stadium, San Diego, CA'),(837,'2018-11-24',84,2018,13,'FAU Stadium, Boca Raton, FL'),(838,'2018-11-24',135,2018,13,'Los Angeles Memorial Coliseum, Los Angeles, CA'),(839,'2018-11-24',99,2018,13,'Williams Stadium, Lynchburg, VA'),(840,'2018-11-24',88,2018,13,'Johnny Red Floyd Stadium, Murfreesboro, TN'),(841,'2018-11-24',95,2018,13,'Sun Bowl Stadium, El Paso, TX'),(842,'2018-11-24',94,2018,13,'Alamodome, San Antonio, TX'),(843,'2018-11-24',124,2018,13,'Sam Boyd Stadium, Las Vegas, NV'),(844,'2018-12-08',37,2018,14,'Lincoln Financial Field, Philadelphia, PA');
/*!40000 ALTER TABLE `games` ENABLE KEYS */;
UNLOCK TABLES;

--
-- Table structure for table `leagues`
--

DROP TABLE IF EXISTS `leagues`;
/*!40101 SET @saved_cs_client     = @@character_set_client */;
/*!40101 SET character_set_client = utf8 */;
CREATE TABLE `leagues` (
  `id` int(11) NOT NULL,
  `name` varchar(5) DEFAULT NULL,
  PRIMARY KEY (`id`)
) ENGINE=InnoDB DEFAULT CHARSET=latin1;
/*!40101 SET character_set_client = @saved_cs_client */;

--
-- Dumping data for table `leagues`
--

LOCK TABLES `leagues` WRITE;
/*!40000 ALTER TABLE `leagues` DISABLE KEYS */;
INSERT INTO `leagues` VALUES (1,'NFL'),(2,'NCAA');
/*!40000 ALTER TABLE `leagues` ENABLE KEYS */;
UNLOCK TABLES;

--
-- Table structure for table `scores`
--

DROP TABLE IF EXISTS `scores`;
/*!40101 SET @saved_cs_client     = @@character_set_client */;
/*!40101 SET character_set_client = utf8 */;
CREATE TABLE `scores` (
  `id` int(11) NOT NULL AUTO_INCREMENT,
  `score` int(11) DEFAULT NULL,
  `team_id` int(11) DEFAULT NULL,
  `game_id` int(11) DEFAULT NULL,
  PRIMARY KEY (`id`),
  KEY `team_id` (`team_id`),
  KEY `game_id` (`game_id`),
  CONSTRAINT `scores_ibfk_1` FOREIGN KEY (`team_id`) REFERENCES `teams` (`id`),
  CONSTRAINT `scores_ibfk_2` FOREIGN KEY (`game_id`) REFERENCES `games` (`id`)
) ENGINE=InnoDB AUTO_INCREMENT=1689 DEFAULT CHARSET=latin1;
/*!40101 SET character_set_client = @saved_cs_client */;

--
-- Dumping data for table `scores`
--

LOCK TABLES `scores` WRITE;
/*!40000 ALTER TABLE `scores` DISABLE KEYS */;
INSERT INTO `scores` VALUES (1,NULL,102,1),(2,NULL,218,1),(3,NULL,91,2),(4,NULL,242,2),(5,NULL,117,3),(6,NULL,119,3),(7,NULL,100,4),(8,NULL,126,4),(9,NULL,123,5),(10,NULL,188,5),(11,NULL,65,6),(12,NULL,100,6),(13,NULL,44,7),(14,NULL,43,7),(15,NULL,157,8),(16,NULL,232,8),(17,NULL,104,9),(18,NULL,252,9),(19,NULL,136,10),(20,NULL,238,10),(21,NULL,93,11),(22,NULL,209,11),(23,NULL,41,12),(24,NULL,58,12),(25,NULL,162,13),(26,NULL,164,13),(27,NULL,70,14),(28,NULL,67,14),(29,NULL,78,15),(30,NULL,231,15),(31,NULL,151,16),(32,NULL,207,16),(33,NULL,114,17),(34,NULL,55,17),(35,NULL,108,18),(36,NULL,210,18),(37,NULL,64,19),(38,NULL,125,19),(39,NULL,47,20),(40,NULL,97,20),(41,NULL,72,21),(42,NULL,96,21),(43,NULL,120,22),(44,NULL,201,22),(45,NULL,133,23),(46,NULL,122,23),(47,NULL,117,24),(48,NULL,130,24),(49,NULL,77,25),(50,NULL,84,25),(51,NULL,62,26),(52,NULL,80,26),(53,NULL,68,27),(54,NULL,132,27),(55,NULL,40,28),(56,NULL,181,28),(57,NULL,91,29),(58,NULL,35,29),(59,NULL,149,30),(60,NULL,155,30),(61,NULL,52,31),(62,NULL,234,31),(63,NULL,81,32),(64,NULL,148,32),(65,NULL,71,33),(66,NULL,160,33),(67,NULL,79,34),(68,NULL,247,34),(69,NULL,59,35),(70,NULL,109,35),(71,NULL,46,36),(72,NULL,189,36),(73,NULL,49,37),(74,NULL,193,37),(75,NULL,115,38),(76,NULL,237,38),(77,NULL,45,39),(78,NULL,102,39),(79,NULL,121,40),(80,NULL,168,40),(81,NULL,150,41),(82,NULL,82,41),(83,NULL,112,42),(84,NULL,183,42),(85,NULL,144,43),(86,NULL,107,43),(87,NULL,141,44),(88,NULL,137,44),(89,NULL,110,45),(90,NULL,87,45),(91,NULL,54,46),(92,NULL,163,46),(93,NULL,69,47),(94,NULL,153,47),(95,NULL,143,48),(96,NULL,216,48),(97,NULL,126,49),(98,NULL,138,49),(99,NULL,61,50),(100,NULL,111,50),(101,NULL,135,51),(102,NULL,124,51),(103,NULL,129,52),(104,NULL,53,52),(105,NULL,147,53),(106,NULL,176,53),(107,NULL,140,54),(108,NULL,195,54),(109,NULL,106,55),(110,NULL,196,55),(111,NULL,56,56),(112,NULL,208,56),(113,NULL,161,57),(114,NULL,116,57),(115,NULL,34,58),(116,NULL,191,58),(117,NULL,39,59),(118,NULL,203,59),(119,NULL,83,60),(120,NULL,249,60),(121,NULL,99,61),(122,NULL,90,61),(123,NULL,156,62),(124,NULL,182,62),(125,NULL,75,63),(126,NULL,219,63),(127,NULL,85,64),(128,NULL,60,64),(129,NULL,92,65),(130,NULL,173,65),(131,NULL,158,66),(132,NULL,170,66),(133,NULL,159,67),(134,NULL,86,67),(135,NULL,42,68),(136,NULL,220,68),(137,NULL,76,69),(138,NULL,174,69),(139,NULL,36,70),(140,NULL,227,70),(141,NULL,113,71),(142,NULL,223,71),(143,NULL,134,72),(144,NULL,33,72),(145,NULL,154,73),(146,NULL,169,73),(147,NULL,142,74),(148,NULL,246,74),(149,NULL,146,75),(150,NULL,180,75),(151,NULL,101,76),(152,NULL,63,76),(153,NULL,95,77),(154,NULL,197,77),(155,NULL,89,78),(156,NULL,38,78),(157,NULL,152,79),(158,NULL,88,79),(159,NULL,74,80),(160,NULL,175,80),(161,NULL,139,81),(162,NULL,50,81),(163,NULL,73,82),(164,NULL,186,82),(165,NULL,131,83),(166,NULL,105,83),(167,NULL,66,84),(168,NULL,103,84),(169,NULL,118,85),(170,NULL,235,85),(171,NULL,128,86),(172,NULL,94,86),(173,NULL,127,87),(174,NULL,98,87),(175,NULL,119,88),(176,NULL,37,88),(177,NULL,145,89),(178,NULL,51,89),(179,NULL,48,90),(180,NULL,57,90),(181,NULL,38,91),(182,NULL,79,91),(183,NULL,72,92),(184,NULL,121,92),(185,NULL,67,93),(186,NULL,47,93),(187,NULL,70,94),(188,NULL,108,94),(189,NULL,76,95),(190,NULL,146,95),(191,NULL,35,96),(192,NULL,127,96),(193,NULL,97,97),(194,NULL,99,97),(195,NULL,152,98),(196,NULL,120,98),(197,NULL,39,99),(198,NULL,49,99),(199,NULL,58,100),(200,NULL,166,100),(201,NULL,63,101),(202,NULL,114,101),(203,NULL,52,102),(204,NULL,157,102),(205,NULL,45,103),(206,NULL,248,103),(207,NULL,77,104),(208,NULL,134,104),(209,NULL,124,105),(210,NULL,95,105),(211,NULL,125,106),(212,NULL,100,106),(213,NULL,84,107),(214,NULL,115,107),(215,NULL,131,108),(216,NULL,201,108),(217,NULL,57,109),(218,NULL,225,109),(219,NULL,107,110),(220,NULL,75,110),(221,NULL,55,111),(222,NULL,206,111),(223,NULL,68,112),(224,NULL,71,112),(225,NULL,40,113),(226,NULL,106,113),(227,NULL,103,114),(228,NULL,224,114),(229,NULL,109,115),(230,NULL,183,115),(231,NULL,149,116),(232,NULL,143,116),(233,NULL,66,117),(234,NULL,130,117),(235,NULL,101,118),(236,NULL,104,118),(237,NULL,139,119),(238,NULL,154,119),(239,NULL,37,120),(240,NULL,36,120),(241,NULL,34,121),(242,NULL,53,121),(243,NULL,150,122),(244,NULL,250,122),(245,NULL,81,123),(246,NULL,244,123),(247,NULL,148,124),(248,NULL,214,124),(249,NULL,137,125),(250,NULL,236,125),(251,NULL,61,126),(252,NULL,74,126),(253,NULL,235,127),(254,NULL,240,127),(255,NULL,82,128),(256,NULL,241,128),(257,NULL,43,129),(258,NULL,182,129),(259,NULL,83,130),(260,NULL,153,130),(261,NULL,51,131),(262,NULL,209,131),(263,NULL,105,132),(264,NULL,62,132),(265,NULL,156,133),(266,NULL,102,133),(267,NULL,87,134),(268,NULL,233,134),(269,NULL,155,135),(270,NULL,93,135),(271,NULL,94,136),(272,NULL,73,136),(273,NULL,50,137),(274,NULL,171,137),(275,NULL,86,138),(276,NULL,247,138),(277,NULL,92,139),(278,NULL,162,139),(279,NULL,161,140),(280,NULL,187,140),(281,NULL,147,141),(282,NULL,126,141),(283,NULL,88,142),(284,NULL,176,142),(285,NULL,151,143),(286,NULL,46,143),(287,NULL,160,144),(288,NULL,221,144),(289,NULL,145,145),(290,NULL,164,145),(291,NULL,48,146),(292,NULL,211,146),(293,NULL,141,147),(294,NULL,179,147),(295,NULL,60,148),(296,NULL,56,148),(297,NULL,65,149),(298,NULL,118,149),(299,NULL,90,150),(300,NULL,85,150),(301,NULL,111,151),(302,NULL,136,151),(303,NULL,89,152),(304,NULL,168,152),(305,NULL,96,153),(306,NULL,205,153),(307,NULL,117,154),(308,NULL,140,154),(309,NULL,59,155),(310,NULL,167,155),(311,NULL,142,156),(312,NULL,144,156),(313,NULL,54,157),(314,NULL,69,157),(315,NULL,110,158),(316,NULL,33,158),(317,NULL,132,159),(318,NULL,185,159),(319,NULL,78,160),(320,NULL,159,160),(321,NULL,41,161),(322,NULL,219,161),(323,NULL,80,162),(324,NULL,42,162),(325,NULL,133,163),(326,NULL,135,163),(327,NULL,122,164),(328,NULL,222,164),(329,NULL,116,165),(330,NULL,44,165),(331,NULL,98,166),(332,NULL,129,166),(333,NULL,128,167),(334,NULL,64,167),(335,NULL,138,168),(336,NULL,123,168),(337,NULL,119,169),(338,NULL,91,169),(339,NULL,125,170),(340,NULL,212,170),(341,NULL,58,171),(342,NULL,45,171),(343,NULL,36,172),(344,NULL,157,172),(345,NULL,69,173),(346,NULL,109,173),(347,NULL,74,174),(348,NULL,77,174),(349,NULL,44,175),(350,NULL,194,175),(351,NULL,75,176),(352,NULL,71,176),(353,NULL,66,177),(354,NULL,161,177),(355,NULL,60,178),(356,NULL,104,178),(357,NULL,62,179),(358,NULL,40,179),(359,NULL,113,180),(360,NULL,51,180),(361,NULL,53,181),(362,NULL,43,181),(363,NULL,144,182),(364,NULL,177,182),(365,NULL,97,183),(366,NULL,119,183),(367,NULL,150,184),(368,NULL,95,184),(369,NULL,55,185),(370,NULL,48,185),(371,NULL,57,186),(372,NULL,34,186),(373,NULL,54,187),(374,NULL,49,187),(375,NULL,124,188),(376,NULL,242,188),(377,NULL,84,189),(378,NULL,198,189),(379,NULL,93,190),(380,NULL,41,190),(381,NULL,133,191),(382,NULL,188,191),(383,NULL,101,192),(384,NULL,152,192),(385,NULL,56,193),(386,NULL,112,193),(387,NULL,111,194),(388,NULL,107,194),(389,NULL,46,195),(390,NULL,156,195),(391,NULL,72,196),(392,NULL,98,196),(393,NULL,63,197),(394,NULL,38,197),(395,NULL,73,198),(396,NULL,47,198),(397,NULL,59,199),(398,NULL,39,199),(399,NULL,153,200),(400,NULL,92,200),(401,NULL,141,201),(402,NULL,145,201),(403,NULL,52,202),(404,NULL,82,202),(405,NULL,65,203),(406,NULL,110,203),(407,NULL,78,204),(408,NULL,116,204),(409,NULL,37,205),(410,NULL,200,205),(411,NULL,76,206),(412,NULL,94,206),(413,NULL,105,207),(414,NULL,233,207),(415,NULL,142,208),(416,NULL,117,208),(417,NULL,126,209),(418,NULL,178,209),(419,NULL,81,210),(420,NULL,35,210),(421,NULL,140,211),(422,NULL,89,211),(423,NULL,131,212),(424,NULL,123,212),(425,NULL,130,213),(426,NULL,239,213),(427,NULL,129,214),(428,NULL,199,214),(429,NULL,83,215),(430,NULL,90,215),(431,NULL,106,216),(432,NULL,108,216),(433,NULL,120,217),(434,NULL,132,217),(435,NULL,148,218),(436,NULL,139,218),(437,NULL,33,219),(438,NULL,217,219),(439,NULL,155,220),(440,NULL,226,220),(441,NULL,159,221),(442,NULL,160,221),(443,NULL,114,222),(444,NULL,196,222),(445,NULL,42,223),(446,NULL,154,223),(447,NULL,143,224),(448,NULL,88,224),(449,NULL,149,225),(450,NULL,87,225),(451,NULL,85,226),(452,NULL,102,226),(453,NULL,70,227),(454,NULL,147,227),(455,NULL,61,228),(456,NULL,215,228),(457,NULL,67,229),(458,NULL,103,229),(459,NULL,146,230),(460,NULL,158,230),(461,NULL,151,231),(462,NULL,162,231),(463,NULL,50,232),(464,NULL,96,232),(465,NULL,80,233),(466,NULL,135,233),(467,NULL,79,234),(468,NULL,68,234),(469,NULL,138,235),(470,NULL,204,235),(471,NULL,100,236),(472,NULL,121,236),(473,NULL,136,237),(474,NULL,137,237),(475,NULL,134,238),(476,NULL,118,238),(477,NULL,122,239),(478,NULL,128,239),(479,NULL,127,240),(480,NULL,185,240),(481,NULL,40,241),(482,NULL,42,241),(483,NULL,43,242),(484,NULL,84,242),(485,NULL,59,243),(486,NULL,69,243),(487,NULL,135,244),(488,NULL,138,244),(489,NULL,70,245),(490,NULL,45,245),(491,NULL,147,246),(492,NULL,143,246),(493,NULL,53,247),(494,NULL,54,247),(495,NULL,162,248),(496,NULL,161,248),(497,NULL,38,249),(498,NULL,37,249),(499,NULL,55,250),(500,NULL,44,250),(501,NULL,73,251),(502,NULL,75,251),(503,NULL,39,252),(504,NULL,34,252),(505,NULL,51,253),(506,NULL,85,253),(507,NULL,148,254),(508,NULL,109,254),(509,NULL,56,255),(510,NULL,50,255),(511,NULL,71,256),(512,NULL,106,256),(513,NULL,47,257),(514,NULL,213,257),(515,NULL,125,258),(516,NULL,115,258),(517,NULL,78,259),(518,NULL,81,259),(519,NULL,154,260),(520,NULL,124,260),(521,NULL,137,261),(522,NULL,128,261),(523,NULL,153,262),(524,NULL,251,262),(525,NULL,63,263),(526,NULL,66,263),(527,NULL,49,264),(528,NULL,46,264),(529,NULL,58,265),(530,NULL,101,265),(531,NULL,48,266),(532,NULL,111,266),(533,NULL,102,267),(534,NULL,83,267),(535,NULL,105,268),(536,NULL,110,268),(537,NULL,117,269),(538,NULL,202,269),(539,NULL,150,270),(540,NULL,142,270),(541,NULL,139,271),(542,NULL,151,271),(543,NULL,61,272),(544,NULL,72,272),(545,NULL,157,273),(546,NULL,114,273),(547,NULL,68,274),(548,NULL,41,274),(549,NULL,82,275),(550,NULL,76,275),(551,NULL,107,276),(552,NULL,205,276),(553,NULL,144,277),(554,NULL,146,277),(555,NULL,132,278),(556,NULL,127,278),(557,NULL,141,279),(558,NULL,140,279),(559,NULL,36,280),(560,NULL,159,280),(561,NULL,152,281),(562,NULL,149,281),(563,NULL,131,282),(564,NULL,133,282),(565,NULL,80,283),(566,NULL,79,283),(567,NULL,77,284),(568,NULL,97,284),(569,NULL,104,285),(570,NULL,96,285),(571,NULL,145,286),(572,NULL,86,286),(573,NULL,113,287),(574,NULL,120,287),(575,NULL,33,288),(576,NULL,112,288),(577,NULL,60,289),(578,NULL,64,289),(579,NULL,158,290),(580,NULL,155,290),(581,NULL,62,291),(582,NULL,65,291),(583,NULL,74,292),(584,NULL,103,292),(585,NULL,90,293),(586,NULL,57,293),(587,NULL,99,294),(588,NULL,89,294),(589,NULL,98,295),(590,NULL,192,295),(591,NULL,87,296),(592,NULL,52,296),(593,NULL,92,297),(594,NULL,91,297),(595,NULL,94,298),(596,NULL,160,298),(597,NULL,95,299),(598,NULL,100,299),(599,NULL,35,300),(600,NULL,221,300),(601,NULL,188,301),(602,NULL,235,301),(603,NULL,122,302),(604,NULL,108,302),(605,NULL,119,303),(606,NULL,218,303),(607,NULL,51,304),(608,NULL,53,304),(609,NULL,41,305),(610,NULL,36,305),(611,NULL,130,306),(612,NULL,134,306),(613,NULL,152,307),(614,NULL,228,307),(615,NULL,76,308),(616,NULL,80,308),(617,NULL,112,309),(618,NULL,102,309),(619,NULL,67,310),(620,NULL,63,310),(621,NULL,49,311),(622,NULL,105,311),(623,NULL,69,312),(624,NULL,68,312),(625,NULL,128,313),(626,NULL,132,313),(627,NULL,43,314),(628,NULL,54,314),(629,NULL,52,315),(630,NULL,56,315),(631,NULL,71,316),(632,NULL,60,316),(633,NULL,104,317),(634,NULL,109,317),(635,NULL,137,318),(636,NULL,98,318),(637,NULL,75,319),(638,NULL,78,319),(639,NULL,58,320),(640,NULL,91,320),(641,NULL,138,321),(642,NULL,136,321),(643,NULL,45,322),(644,NULL,40,322),(645,NULL,235,323),(646,NULL,201,323),(647,NULL,64,324),(648,NULL,107,324),(649,NULL,46,325),(650,NULL,55,325),(651,NULL,156,326),(652,NULL,154,326),(653,NULL,93,327),(654,NULL,83,327),(655,NULL,79,328),(656,NULL,74,328),(657,NULL,146,329),(658,NULL,142,329),(659,NULL,143,330),(660,NULL,150,330),(661,NULL,66,331),(662,NULL,70,331),(663,NULL,161,332),(664,NULL,155,332),(665,NULL,81,333),(666,NULL,82,333),(667,NULL,47,334),(668,NULL,57,334),(669,NULL,139,335),(670,NULL,158,335),(671,NULL,145,336),(672,NULL,148,336),(673,NULL,151,337),(674,NULL,140,337),(675,NULL,153,338),(676,NULL,159,338),(677,NULL,144,339),(678,NULL,149,339),(679,NULL,141,340),(680,NULL,92,340),(681,NULL,77,341),(682,NULL,73,341),(683,NULL,118,342),(684,NULL,113,342),(685,NULL,106,343),(686,NULL,97,343),(687,NULL,44,344),(688,NULL,33,344),(689,NULL,50,345),(690,NULL,48,345),(691,NULL,121,346),(692,NULL,99,346),(693,NULL,115,347),(694,NULL,120,347),(695,NULL,157,348),(696,NULL,162,348),(697,NULL,34,349),(698,NULL,90,349),(699,NULL,129,350),(700,NULL,131,350),(701,NULL,127,351),(702,NULL,135,351),(703,NULL,110,352),(704,NULL,114,352),(705,NULL,108,353),(706,NULL,111,353),(707,NULL,88,354),(708,NULL,84,354),(709,NULL,123,355),(710,NULL,119,355),(711,NULL,126,356),(712,NULL,116,356),(713,NULL,94,357),(714,NULL,95,357),(715,NULL,38,358),(716,NULL,190,358),(717,NULL,85,359),(718,NULL,229,359),(719,NULL,96,360),(720,NULL,87,360),(721,NULL,101,361),(722,NULL,133,361),(723,NULL,89,362),(724,NULL,86,362),(725,NULL,161,363),(726,NULL,157,363),(727,NULL,35,364),(728,NULL,42,364),(729,NULL,50,365),(730,NULL,49,365),(731,NULL,87,366),(732,NULL,88,366),(733,NULL,98,367),(734,NULL,125,367),(735,NULL,64,368),(736,NULL,67,368),(737,NULL,63,369),(738,NULL,62,369),(739,NULL,114,370),(740,NULL,108,370),(741,NULL,36,371),(742,NULL,44,371),(743,NULL,134,372),(744,NULL,137,372),(745,NULL,65,373),(746,NULL,61,373),(747,NULL,71,374),(748,NULL,59,374),(749,NULL,77,375),(750,NULL,80,375),(751,NULL,72,376),(752,NULL,66,376),(753,NULL,149,377),(754,NULL,147,377),(755,NULL,127,378),(756,NULL,129,378),(757,NULL,143,379),(758,NULL,152,379),(759,NULL,140,380),(760,NULL,139,380),(761,NULL,151,381),(762,NULL,144,381),(763,NULL,58,382),(764,NULL,46,382),(765,NULL,57,383),(766,NULL,101,383),(767,NULL,104,384),(768,NULL,111,384),(769,NULL,78,385),(770,NULL,74,385),(771,NULL,116,386),(772,NULL,122,386),(773,NULL,146,387),(774,NULL,141,387),(775,NULL,132,388),(776,NULL,138,388),(777,NULL,82,389),(778,NULL,75,389),(779,NULL,120,390),(780,NULL,118,390),(781,NULL,40,391),(782,NULL,34,391),(783,NULL,199,392),(784,NULL,235,392),(785,NULL,68,393),(786,NULL,60,393),(787,NULL,107,394),(788,NULL,106,394),(789,NULL,124,395),(790,NULL,121,395),(791,NULL,43,396),(792,NULL,38,396),(793,NULL,33,397),(794,NULL,41,397),(795,NULL,133,398),(796,NULL,136,398),(797,NULL,130,399),(798,NULL,128,399),(799,NULL,73,400),(800,NULL,76,400),(801,NULL,156,401),(802,NULL,159,401),(803,NULL,102,402),(804,NULL,39,402),(805,NULL,54,403),(806,NULL,55,403),(807,NULL,51,404),(808,NULL,48,404),(809,NULL,142,405),(810,NULL,145,405),(811,NULL,52,406),(812,NULL,45,406),(813,NULL,148,407),(814,NULL,162,407),(815,NULL,84,408),(816,NULL,90,408),(817,NULL,160,409),(818,NULL,158,409),(819,NULL,113,410),(820,NULL,105,410),(821,NULL,109,411),(822,NULL,112,411),(823,NULL,103,412),(824,NULL,110,412),(825,NULL,115,413),(826,NULL,37,413),(827,NULL,91,414),(828,NULL,94,414),(829,NULL,86,415),(830,NULL,93,415),(831,NULL,95,416),(832,NULL,89,416),(833,NULL,100,417),(834,NULL,99,417),(835,NULL,123,418),(836,NULL,117,418),(837,NULL,119,419),(838,NULL,126,419),(839,NULL,154,420),(840,NULL,153,420),(841,NULL,160,421),(842,NULL,156,421),(843,NULL,79,422),(844,NULL,81,422),(845,NULL,42,423),(846,NULL,39,423),(847,NULL,122,424),(848,NULL,115,424),(849,NULL,136,425),(850,NULL,127,425),(851,NULL,67,426),(852,NULL,66,426),(853,NULL,62,427),(854,NULL,71,427),(855,NULL,60,428),(856,NULL,61,428),(857,NULL,131,429),(858,NULL,137,429),(859,NULL,56,430),(860,NULL,51,430),(861,NULL,145,431),(862,NULL,143,431),(863,NULL,125,432),(864,NULL,124,432),(865,NULL,91,433),(866,NULL,93,433),(867,NULL,159,434),(868,NULL,179,434),(869,NULL,139,435),(870,NULL,147,435),(871,NULL,80,436),(872,NULL,73,436),(873,NULL,129,437),(874,NULL,134,437),(875,NULL,135,438),(876,NULL,130,438),(877,NULL,107,439),(878,NULL,104,439),(879,NULL,36,440),(880,NULL,43,440),(881,NULL,98,441),(882,NULL,119,441),(883,NULL,152,442),(884,NULL,142,442),(885,NULL,149,443),(886,NULL,151,443),(887,NULL,141,444),(888,NULL,150,444),(889,NULL,59,445),(890,NULL,70,445),(891,NULL,63,446),(892,NULL,72,446),(893,NULL,106,447),(894,NULL,103,447),(895,NULL,68,448),(896,NULL,65,448),(897,NULL,34,449),(898,NULL,35,449),(899,NULL,172,450),(900,NULL,235,450),(901,NULL,110,451),(902,NULL,109,451),(903,NULL,45,452),(904,NULL,50,452),(905,NULL,118,453),(906,NULL,126,453),(907,NULL,117,454),(908,NULL,121,454),(909,NULL,76,455),(910,NULL,78,455),(911,NULL,49,456),(912,NULL,47,456),(913,NULL,140,457),(914,NULL,148,457),(915,NULL,108,458),(916,NULL,113,458),(917,NULL,123,459),(918,NULL,97,459),(919,NULL,158,460),(920,NULL,100,460),(921,NULL,155,461),(922,NULL,162,461),(923,NULL,69,462),(924,NULL,64,462),(925,NULL,53,463),(926,NULL,57,463),(927,NULL,74,464),(928,NULL,82,464),(929,NULL,89,465),(930,NULL,92,465),(931,NULL,99,466),(932,NULL,161,466),(933,NULL,101,467),(934,NULL,54,467),(935,NULL,105,468),(936,NULL,114,468),(937,NULL,111,469),(938,NULL,112,469),(939,NULL,90,470),(940,NULL,87,470),(941,NULL,37,471),(942,NULL,40,471),(943,NULL,83,472),(944,NULL,96,472),(945,NULL,94,473),(946,NULL,86,473),(947,NULL,85,474),(948,NULL,88,474),(949,NULL,120,475),(950,NULL,116,475),(951,NULL,154,476),(952,NULL,157,476),(953,NULL,128,477),(954,NULL,133,477),(955,NULL,116,478),(956,NULL,117,478),(957,NULL,124,479),(958,NULL,115,479),(959,NULL,71,480),(960,NULL,67,480),(961,NULL,61,481),(962,NULL,62,481),(963,NULL,72,482),(964,NULL,59,482),(965,NULL,97,483),(966,NULL,110,483),(967,NULL,81,484),(968,NULL,75,484),(969,NULL,121,485),(970,NULL,118,485),(971,NULL,113,486),(972,NULL,106,486),(973,NULL,79,487),(974,NULL,77,487),(975,NULL,60,488),(976,NULL,69,488),(977,NULL,39,489),(978,NULL,44,489),(979,NULL,47,490),(980,NULL,56,490),(981,NULL,70,491),(982,NULL,68,491),(983,NULL,64,492),(984,NULL,63,492),(985,NULL,140,493),(986,NULL,42,493),(987,NULL,46,494),(988,NULL,52,494),(989,NULL,150,495),(990,NULL,139,495),(991,NULL,132,496),(992,NULL,129,496),(993,NULL,137,497),(994,NULL,130,497),(995,NULL,34,498),(996,NULL,43,498),(997,NULL,147,499),(998,NULL,36,499),(999,NULL,148,500),(1000,NULL,141,500),(1001,NULL,109,501),(1002,NULL,103,501),(1003,NULL,66,502),(1004,NULL,65,502),(1005,NULL,102,503),(1006,NULL,155,503),(1007,NULL,153,504),(1008,NULL,158,504),(1009,NULL,136,505),(1010,NULL,135,505),(1011,NULL,138,506),(1012,NULL,131,506),(1013,NULL,55,507),(1014,NULL,53,507),(1015,NULL,40,508),(1016,NULL,33,508),(1017,NULL,126,509),(1018,NULL,125,509),(1019,NULL,235,510),(1020,NULL,185,510),(1021,NULL,41,511),(1022,NULL,38,511),(1023,NULL,162,512),(1024,NULL,160,512),(1025,NULL,144,513),(1026,NULL,152,513),(1027,NULL,48,514),(1028,NULL,58,514),(1029,NULL,145,515),(1030,NULL,146,515),(1031,NULL,134,516),(1032,NULL,127,516),(1033,NULL,112,517),(1034,NULL,105,517),(1035,NULL,87,518),(1036,NULL,84,518),(1037,NULL,88,519),(1038,NULL,83,519),(1039,NULL,104,520),(1040,NULL,108,520),(1041,NULL,107,521),(1042,NULL,114,521),(1043,NULL,37,522),(1044,NULL,35,522),(1045,NULL,86,523),(1046,NULL,95,523),(1047,NULL,100,524),(1048,NULL,156,524),(1049,NULL,92,525),(1050,NULL,94,525),(1051,NULL,96,526),(1052,NULL,90,526),(1053,NULL,93,527),(1054,NULL,89,527),(1055,NULL,85,528),(1056,NULL,91,528),(1057,NULL,122,529),(1058,NULL,123,529),(1059,NULL,119,530),(1060,NULL,120,530),(1061,NULL,159,531),(1062,NULL,161,531),(1063,NULL,114,532),(1064,NULL,113,532),(1065,NULL,112,533),(1066,NULL,104,533),(1067,NULL,82,534),(1068,NULL,73,534),(1069,NULL,57,535),(1070,NULL,49,535),(1071,NULL,156,536),(1072,NULL,153,536),(1073,NULL,84,537),(1074,NULL,86,537),(1075,NULL,45,538),(1076,NULL,51,538),(1077,NULL,65,539),(1078,NULL,60,539),(1079,NULL,117,540),(1080,NULL,126,540),(1081,NULL,134,541),(1082,NULL,136,541),(1083,NULL,125,542),(1084,NULL,121,542),(1085,NULL,42,543),(1086,NULL,41,543),(1087,NULL,140,544),(1088,NULL,152,544),(1089,NULL,50,545),(1090,NULL,58,545),(1091,NULL,54,546),(1092,NULL,47,546),(1093,NULL,204,547),(1094,NULL,235,547),(1095,NULL,129,548),(1096,NULL,137,548),(1097,NULL,130,549),(1098,NULL,132,549),(1099,NULL,44,550),(1100,NULL,102,550),(1101,NULL,69,551),(1102,NULL,61,551),(1103,NULL,62,552),(1104,NULL,59,552),(1105,NULL,78,553),(1106,NULL,80,553),(1107,NULL,74,554),(1108,NULL,81,554),(1109,NULL,55,555),(1110,NULL,52,555),(1111,NULL,123,556),(1112,NULL,124,556),(1113,NULL,103,557),(1114,NULL,107,557),(1115,NULL,77,558),(1116,NULL,76,558),(1117,NULL,158,559),(1118,NULL,154,559),(1119,NULL,135,560),(1120,NULL,128,560),(1121,NULL,147,561),(1122,NULL,144,561),(1123,NULL,48,562),(1124,NULL,46,562),(1125,NULL,98,563),(1126,NULL,111,563),(1127,NULL,118,564),(1128,NULL,119,564),(1129,NULL,146,565),(1130,NULL,151,565),(1131,NULL,35,566),(1132,NULL,39,566),(1133,NULL,75,567),(1134,NULL,79,567),(1135,NULL,108,568),(1136,NULL,97,568),(1137,NULL,38,569),(1138,NULL,33,569),(1139,NULL,56,570),(1140,NULL,53,570),(1141,NULL,160,571),(1142,NULL,100,571),(1143,NULL,127,572),(1144,NULL,131,572),(1145,NULL,133,573),(1146,NULL,138,573),(1147,NULL,157,574),(1148,NULL,155,574),(1149,NULL,67,575),(1150,NULL,72,575),(1151,NULL,64,576),(1152,NULL,70,576),(1153,NULL,120,577),(1154,NULL,122,577),(1155,NULL,149,578),(1156,NULL,150,578),(1157,NULL,83,579),(1158,NULL,92,579),(1159,NULL,90,580),(1160,NULL,88,580),(1161,NULL,143,581),(1162,NULL,142,581),(1163,NULL,89,582),(1164,NULL,91,582),(1165,NULL,115,583),(1166,NULL,116,583),(1167,NULL,95,584),(1168,NULL,93,584),(1169,NULL,96,585),(1170,NULL,85,585),(1171,NULL,101,586),(1172,NULL,37,586),(1173,NULL,105,587),(1174,NULL,109,587),(1175,NULL,106,588),(1176,NULL,110,588),(1177,NULL,113,589),(1178,NULL,104,589),(1179,NULL,114,590),(1180,NULL,112,590),(1181,NULL,103,591),(1182,NULL,111,591),(1183,NULL,43,592),(1184,NULL,40,592),(1185,NULL,56,593),(1186,NULL,54,593),(1187,NULL,88,594),(1188,NULL,96,594),(1189,NULL,127,595),(1190,NULL,130,595),(1191,NULL,97,596),(1192,NULL,115,596),(1193,NULL,38,597),(1194,NULL,35,597),(1195,NULL,46,598),(1196,NULL,50,598),(1197,NULL,116,599),(1198,NULL,98,599),(1199,NULL,73,600),(1200,NULL,78,600),(1201,NULL,81,601),(1202,NULL,77,601),(1203,NULL,63,602),(1204,NULL,69,602),(1205,NULL,72,603),(1206,NULL,71,603),(1207,NULL,157,604),(1208,NULL,160,604),(1209,NULL,39,605),(1210,NULL,41,605),(1211,NULL,128,606),(1212,NULL,136,606),(1213,NULL,51,607),(1214,NULL,47,607),(1215,NULL,53,608),(1216,NULL,49,608),(1217,NULL,42,609),(1218,NULL,44,609),(1219,NULL,33,610),(1220,NULL,37,610),(1221,NULL,70,611),(1222,NULL,61,611),(1223,NULL,144,612),(1224,NULL,143,612),(1225,NULL,162,613),(1226,NULL,156,613),(1227,NULL,68,614),(1228,NULL,66,614),(1229,NULL,142,615),(1230,NULL,147,615),(1231,NULL,131,616),(1232,NULL,134,616),(1233,NULL,138,617),(1234,NULL,129,617),(1235,NULL,108,618),(1236,NULL,107,618),(1237,NULL,145,619),(1238,NULL,139,619),(1239,NULL,67,620),(1240,NULL,101,620),(1241,NULL,150,621),(1242,NULL,83,621),(1243,NULL,34,622),(1244,NULL,36,622),(1245,NULL,75,623),(1246,NULL,74,623),(1247,NULL,141,624),(1248,NULL,151,624),(1249,NULL,79,625),(1250,NULL,76,625),(1251,NULL,155,626),(1252,NULL,153,626),(1253,NULL,154,627),(1254,NULL,159,627),(1255,NULL,148,628),(1256,NULL,149,628),(1257,NULL,137,629),(1258,NULL,133,629),(1259,NULL,58,630),(1260,NULL,55,630),(1261,NULL,52,631),(1262,NULL,48,631),(1263,NULL,102,632),(1264,NULL,99,632),(1265,NULL,146,633),(1266,NULL,86,633),(1267,NULL,57,634),(1268,NULL,45,634),(1269,NULL,126,635),(1270,NULL,123,635),(1271,NULL,62,636),(1272,NULL,64,636),(1273,NULL,132,637),(1274,NULL,135,637),(1275,NULL,161,638),(1276,NULL,158,638),(1277,NULL,80,639),(1278,NULL,82,639),(1279,NULL,59,640),(1280,NULL,65,640),(1281,NULL,235,641),(1282,NULL,236,641),(1283,NULL,121,642),(1284,NULL,122,642),(1285,NULL,92,643),(1286,NULL,87,643),(1287,NULL,91,644),(1288,NULL,95,644),(1289,NULL,100,645),(1290,NULL,193,645),(1291,NULL,93,646),(1292,NULL,94,646),(1293,NULL,85,647),(1294,NULL,84,647),(1295,NULL,124,648),(1296,NULL,118,648),(1297,NULL,119,649),(1298,NULL,125,649),(1299,NULL,106,650),(1300,NULL,109,650),(1301,NULL,110,651),(1302,NULL,112,651),(1303,NULL,111,652),(1304,NULL,113,652),(1305,NULL,52,653),(1306,NULL,58,653),(1307,NULL,55,654),(1308,NULL,50,654),(1309,NULL,116,655),(1310,NULL,118,655),(1311,NULL,97,656),(1312,NULL,245,656),(1313,NULL,66,657),(1314,NULL,59,657),(1315,NULL,49,658),(1316,NULL,51,658),(1317,NULL,71,659),(1318,NULL,63,659),(1319,NULL,107,660),(1320,NULL,105,660),(1321,NULL,64,661),(1322,NULL,68,661),(1323,NULL,133,662),(1324,NULL,132,662),(1325,NULL,156,663),(1326,NULL,161,663),(1327,NULL,43,664),(1328,NULL,37,664),(1329,NULL,76,665),(1330,NULL,75,665),(1331,NULL,41,666),(1332,NULL,34,666),(1333,NULL,102,667),(1334,NULL,98,667),(1335,NULL,77,668),(1336,NULL,78,668),(1337,NULL,44,669),(1338,NULL,38,669),(1339,NULL,147,670),(1340,NULL,152,670),(1341,NULL,36,671),(1342,NULL,42,671),(1343,NULL,81,672),(1344,NULL,80,672),(1345,NULL,35,673),(1346,NULL,40,673),(1347,NULL,122,674),(1348,NULL,124,674),(1349,NULL,120,675),(1350,NULL,117,675),(1351,NULL,74,676),(1352,NULL,73,676),(1353,NULL,135,677),(1354,NULL,129,677),(1355,NULL,128,678),(1356,NULL,134,678),(1357,NULL,155,679),(1358,NULL,154,679),(1359,NULL,60,680),(1360,NULL,62,680),(1361,NULL,150,681),(1362,NULL,144,681),(1363,NULL,45,682),(1364,NULL,46,682),(1365,NULL,235,683),(1366,NULL,184,683),(1367,NULL,158,684),(1368,NULL,157,684),(1369,NULL,65,685),(1370,NULL,70,685),(1371,NULL,139,686),(1372,NULL,146,686),(1373,NULL,151,687),(1374,NULL,148,687),(1375,NULL,160,688),(1376,NULL,153,688),(1377,NULL,142,689),(1378,NULL,149,689),(1379,NULL,33,690),(1380,NULL,39,690),(1381,NULL,82,691),(1382,NULL,79,691),(1383,NULL,84,692),(1384,NULL,96,692),(1385,NULL,56,693),(1386,NULL,99,693),(1387,NULL,140,694),(1388,NULL,145,694),(1389,NULL,47,695),(1390,NULL,53,695),(1391,NULL,159,696),(1392,NULL,162,696),(1393,NULL,136,697),(1394,NULL,131,697),(1395,NULL,125,698),(1396,NULL,123,698),(1397,NULL,54,699),(1398,NULL,57,699),(1399,NULL,130,700),(1400,NULL,138,700),(1401,NULL,108,701),(1402,NULL,103,701),(1403,NULL,143,702),(1404,NULL,141,702),(1405,NULL,69,703),(1406,NULL,72,703),(1407,NULL,61,704),(1408,NULL,67,704),(1409,NULL,90,705),(1410,NULL,89,705),(1411,NULL,87,706),(1412,NULL,83,706),(1413,NULL,95,707),(1414,NULL,88,707),(1415,NULL,115,708),(1416,NULL,121,708),(1417,NULL,94,709),(1418,NULL,85,709),(1419,NULL,86,710),(1420,NULL,91,710),(1421,NULL,93,711),(1422,NULL,92,711),(1423,NULL,101,712),(1424,NULL,48,712),(1425,NULL,104,713),(1426,NULL,114,713),(1427,NULL,111,714),(1428,NULL,110,714),(1429,NULL,112,715),(1430,NULL,106,715),(1431,NULL,109,716),(1432,NULL,113,716),(1433,NULL,35,717),(1434,NULL,41,717),(1435,NULL,89,718),(1436,NULL,84,718),(1437,NULL,121,719),(1438,NULL,116,719),(1439,NULL,38,720),(1440,NULL,36,720),(1441,NULL,97,721),(1442,NULL,230,721),(1443,NULL,144,722),(1444,NULL,88,722),(1445,NULL,150,723),(1446,NULL,147,723),(1447,NULL,151,724),(1448,NULL,93,724),(1449,NULL,50,725),(1450,NULL,52,725),(1451,NULL,76,726),(1452,NULL,81,726),(1453,NULL,126,727),(1454,NULL,115,727),(1455,NULL,155,728),(1456,NULL,156,728),(1457,NULL,59,729),(1458,NULL,61,729),(1459,NULL,143,730),(1460,NULL,102,730),(1461,NULL,57,731),(1462,NULL,51,731),(1463,NULL,103,732),(1464,NULL,105,732),(1465,NULL,62,733),(1466,NULL,68,733),(1467,NULL,137,734),(1468,NULL,132,734),(1469,NULL,58,735),(1470,NULL,54,735),(1471,NULL,49,736),(1472,NULL,56,736),(1473,NULL,34,737),(1474,NULL,44,737),(1475,NULL,77,738),(1476,NULL,75,738),(1477,NULL,142,739),(1478,NULL,235,739),(1479,NULL,63,740),(1480,NULL,60,740),(1481,NULL,71,741),(1482,NULL,69,741),(1483,NULL,145,742),(1484,NULL,91,742),(1485,NULL,161,743),(1486,NULL,160,743),(1487,NULL,130,744),(1488,NULL,136,744),(1489,NULL,46,745),(1490,NULL,47,745),(1491,NULL,152,746),(1492,NULL,148,746),(1493,NULL,138,747),(1494,NULL,127,747),(1495,NULL,146,748),(1496,NULL,140,748),(1497,NULL,158,749),(1498,NULL,159,749),(1499,NULL,40,750),(1500,NULL,39,750),(1501,NULL,129,751),(1502,NULL,133,751),(1503,NULL,73,752),(1504,NULL,79,752),(1505,NULL,117,753),(1506,NULL,125,753),(1507,NULL,43,754),(1508,NULL,33,754),(1509,NULL,141,755),(1510,NULL,99,755),(1511,NULL,48,756),(1512,NULL,45,756),(1513,NULL,123,757),(1514,NULL,120,757),(1515,NULL,98,758),(1516,NULL,100,758),(1517,NULL,154,759),(1518,NULL,162,759),(1519,NULL,66,760),(1520,NULL,64,760),(1521,NULL,134,761),(1522,NULL,135,761),(1523,NULL,78,762),(1524,NULL,82,762),(1525,NULL,70,763),(1526,NULL,72,763),(1527,NULL,65,764),(1528,NULL,67,764),(1529,NULL,149,765),(1530,NULL,243,765),(1531,NULL,153,766),(1532,NULL,157,766),(1533,NULL,139,767),(1534,NULL,165,767),(1535,NULL,131,768),(1536,NULL,128,768),(1537,NULL,53,769),(1538,NULL,253,769),(1539,NULL,83,770),(1540,NULL,85,770),(1541,NULL,90,771),(1542,NULL,223,771),(1543,NULL,87,772),(1544,NULL,94,772),(1545,NULL,101,773),(1546,NULL,55,773),(1547,NULL,92,774),(1548,NULL,86,774),(1549,NULL,37,775),(1550,NULL,42,775),(1551,NULL,96,776),(1552,NULL,95,776),(1553,NULL,80,777),(1554,NULL,74,777),(1555,NULL,118,778),(1556,NULL,122,778),(1557,NULL,119,779),(1558,NULL,124,779),(1559,NULL,114,780),(1560,NULL,111,780),(1561,NULL,110,781),(1562,NULL,104,781),(1563,NULL,115,782),(1564,NULL,117,782),(1565,NULL,148,783),(1566,NULL,146,783),(1567,NULL,61,784),(1568,NULL,66,784),(1569,NULL,75,785),(1570,NULL,80,785),(1571,NULL,109,786),(1572,NULL,108,786),(1573,NULL,33,787),(1574,NULL,34,787),(1575,NULL,112,788),(1576,NULL,103,788),(1577,NULL,159,789),(1578,NULL,155,789),(1579,NULL,36,790),(1580,NULL,35,790),(1581,NULL,57,791),(1582,NULL,56,791),(1583,NULL,105,792),(1584,NULL,106,792),(1585,NULL,39,793),(1586,NULL,43,793),(1587,NULL,113,794),(1588,NULL,107,794),(1589,NULL,147,795),(1590,NULL,140,795),(1591,NULL,132,796),(1592,NULL,131,796),(1593,NULL,82,797),(1594,NULL,77,797),(1595,NULL,138,798),(1596,NULL,137,798),(1597,NULL,68,799),(1598,NULL,63,799),(1599,NULL,86,800),(1600,NULL,96,800),(1601,NULL,85,801),(1602,NULL,87,801),(1603,NULL,91,802),(1604,NULL,90,802),(1605,NULL,151,803),(1606,NULL,145,803),(1607,NULL,116,804),(1608,NULL,125,804),(1609,NULL,45,805),(1610,NULL,55,805),(1611,NULL,134,806),(1612,NULL,133,806),(1613,NULL,46,807),(1614,NULL,149,807),(1615,NULL,74,808),(1616,NULL,76,808),(1617,NULL,47,809),(1618,NULL,58,809),(1619,NULL,42,810),(1620,NULL,38,810),(1621,NULL,64,811),(1622,NULL,71,811),(1623,NULL,79,812),(1624,NULL,78,812),(1625,NULL,121,813),(1626,NULL,126,813),(1627,NULL,136,814),(1628,NULL,98,814),(1629,NULL,143,815),(1630,NULL,49,815),(1631,NULL,41,816),(1632,NULL,37,816),(1633,NULL,153,817),(1634,NULL,161,817),(1635,NULL,51,818),(1636,NULL,54,818),(1637,NULL,67,819),(1638,NULL,59,819),(1639,NULL,157,820),(1640,NULL,156,820),(1641,NULL,73,821),(1642,NULL,81,821),(1643,NULL,44,822),(1644,NULL,40,822),(1645,NULL,53,823),(1646,NULL,52,823),(1647,NULL,129,824),(1648,NULL,130,824),(1649,NULL,160,825),(1650,NULL,154,825),(1651,NULL,127,826),(1652,NULL,128,826),(1653,NULL,69,827),(1654,NULL,62,827),(1655,NULL,50,828),(1656,NULL,144,828),(1657,NULL,118,829),(1658,NULL,123,829),(1659,NULL,162,830),(1660,NULL,158,830),(1661,NULL,72,831),(1662,NULL,65,831),(1663,NULL,139,832),(1664,NULL,141,832),(1665,NULL,60,833),(1666,NULL,70,833),(1667,NULL,152,834),(1668,NULL,150,834),(1669,NULL,48,835),(1670,NULL,142,835),(1671,NULL,122,836),(1672,NULL,119,836),(1673,NULL,84,837),(1674,NULL,83,837),(1675,NULL,135,838),(1676,NULL,101,838),(1677,NULL,99,839),(1678,NULL,100,839),(1679,NULL,88,840),(1680,NULL,93,840),(1681,NULL,95,841),(1682,NULL,92,841),(1683,NULL,94,842),(1684,NULL,89,842),(1685,NULL,124,843),(1686,NULL,120,843),(1687,NULL,37,844),(1688,NULL,97,844);
/*!40000 ALTER TABLE `scores` ENABLE KEYS */;
UNLOCK TABLES;

--
-- Table structure for table `teams`
--

DROP TABLE IF EXISTS `teams`;
/*!40101 SET @saved_cs_client     = @@character_set_client */;
/*!40101 SET character_set_client = utf8 */;
CREATE TABLE `teams` (
  `id` int(11) NOT NULL AUTO_INCREMENT,
  `name` varchar(25) DEFAULT NULL,
  `owner` varchar(32) DEFAULT NULL,
  `conference_id` int(11) DEFAULT NULL,
  `color` varchar(7) DEFAULT NULL,
  `icon` varchar(50) DEFAULT NULL,
  PRIMARY KEY (`id`),
  KEY `conference_id` (`conference_id`),
  CONSTRAINT `teams_ibfk_1` FOREIGN KEY (`conference_id`) REFERENCES `conferences` (`id`)
) ENGINE=InnoDB AUTO_INCREMENT=254 DEFAULT CHARSET=latin1;
/*!40101 SET character_set_client = @saved_cs_client */;

--
-- Dumping data for table `teams`
--

LOCK TABLES `teams` WRITE;
/*!40000 ALTER TABLE `teams` DISABLE KEYS */;
INSERT INTO `teams` VALUES (1,'49ers',NULL,1,NULL,NULL),(2,'Bears',NULL,1,NULL,NULL),(3,'Buccaneers',NULL,1,NULL,NULL),(4,'Cardinals',NULL,1,NULL,NULL),(5,'Cowboys',NULL,1,NULL,NULL),(6,'Eagles',NULL,1,NULL,NULL),(7,'Falcons',NULL,1,NULL,NULL),(8,'Giants',NULL,1,NULL,NULL),(9,'Lions',NULL,1,NULL,NULL),(10,'Packers',NULL,1,NULL,NULL),(11,'Panthers',NULL,1,NULL,NULL),(12,'Rams',NULL,1,NULL,NULL),(13,'Redskins',NULL,1,NULL,NULL),(14,'Saints',NULL,1,NULL,NULL),(15,'Seahawks',NULL,1,NULL,NULL),(16,'Vikings',NULL,1,NULL,NULL),(17,'Bengals',NULL,2,NULL,NULL),(18,'Bills',NULL,2,NULL,NULL),(19,'Broncos',NULL,2,NULL,NULL),(20,'Browns',NULL,2,NULL,NULL),(21,'Chargers',NULL,2,NULL,NULL),(22,'Chiefs',NULL,2,NULL,NULL),(23,'Colts',NULL,2,NULL,NULL),(24,'Dolphins',NULL,2,NULL,NULL),(25,'Jaguars',NULL,2,NULL,NULL),(26,'Jets',NULL,2,NULL,NULL),(27,'Patriots',NULL,2,NULL,NULL),(28,'Raiders',NULL,2,NULL,NULL),(29,'Ravens',NULL,2,NULL,NULL),(30,'Steelers',NULL,2,NULL,NULL),(31,'Texans',NULL,2,NULL,NULL),(32,'Titans',NULL,2,NULL,NULL),(33,'Cincinnati',NULL,3,'#141414','/static/cincinnati.70.png'),(34,'East Carolina',NULL,3,'#6944a0','/static/east-carolina.70.png'),(35,'Houston',NULL,3,'#CC0000','/static/houston.70.png'),(36,'Memphis',NULL,3,'#0A1691','/static/memphis.70.png'),(37,'Navy',NULL,3,'#333366','/static/navy.70.png'),(38,'SMU',NULL,3,'#e51932','/static/smu.70.png'),(39,'South Florida',NULL,3,'#006747','/static/south-fla.70.png'),(40,'Temple',NULL,3,'#9e1b32','/static/temple.70.png'),(41,'Tulane',NULL,3,'#005737','/static/tulane.70.png'),(42,'Tulsa',NULL,3,'#003bb2','/static/tulsa.70.png'),(43,'Central FLorida',NULL,3,'#bba378','/static/ucf.70.png'),(44,'UConn',NULL,3,'#000066','/static/uconn.70.png'),(45,'Boston College',NULL,4,'#98002e','/static/boston-college.70.png'),(46,'Clemson',NULL,4,'#F66733','/static/clemson.70.png'),(47,'Duke',NULL,4,'#00529b','/static/duke.70.png'),(48,'Florida State',NULL,4,'#540115','/static/florida-st.70.png'),(49,'Georgia Tech',NULL,4,'#b09465','/static/georgia-tech.70.png'),(50,'Louisville',NULL,4,'#AD0000','/static/louisville.70.png'),(51,'Miami (FL)',NULL,4,'#005030','/static/miami-fl.70.png'),(52,'NC State',NULL,4,'#CC0000','/static/north-carolina-st.70.png'),(53,'North Carolina',NULL,4,'#8db9e5','/static/north-carolina.70.png'),(54,'Pittsburgh',NULL,4,'#002144','/static/pittsburgh.70.png'),(55,'Syracuse',NULL,4,'#ff5113','/static/syracuse.70.png'),(56,'Virginia',NULL,4,'#002147','/static/virginia.70.png'),(57,'Virginia Tech',NULL,4,'#660000','/static/virginia-tech.70.png'),(58,'Wake Forest',NULL,4,'#141414','/static/wake-forest.70.png'),(59,'Illinois',NULL,5,'#e0322a','/static/illinois.70.png'),(60,'Indiana',NULL,5,'#9e1b32','/static/indiana.70.png'),(61,'Iowa',NULL,5,'#141414','/static/iowa.70.png'),(62,'Maryland',NULL,5,'#e31836','/static/maryland.70.png'),(63,'Michigan',NULL,5,'#003976','/static/michigan.70.png'),(64,'Michigan State',NULL,5,'#18453B','/static/michigan-st.70.png'),(65,'Minnesota',NULL,5,'#872434','/static/minnesota.70.png'),(66,'Nebraska',NULL,5,'#cc092f','/static/nebraska.70.png'),(67,'Northwestern',NULL,5,'#512698','/static/northwestern.70.png'),(68,'Ohio State',NULL,5,'#990000','/static/ohio-st.70.png'),(69,'Penn State',NULL,5,'#002147','/static/penn-st.70.png'),(70,'Purdue',NULL,5,'#141414','/static/purdue.70.png'),(71,'Rutgers',NULL,5,'#d21034','/static/rutgers.70.png'),(72,'Wisconsin',NULL,5,'#be0f34','/static/wisconsin.70.png'),(73,'Baylor',NULL,6,'#083a27','/static/baylor.70.png'),(74,'Iowa State',NULL,6,'#A71930','/static/iowa-st.70.png'),(75,'Kansas',NULL,6,'#006ab5','/static/kansas.70.png'),(76,'Kansas State',NULL,6,'#502d7f','/static/kansas-st.70.png'),(77,'Oklahoma',NULL,6,'#B30838','/static/oklahoma.70.png'),(78,'Oklahoma State',NULL,6,'#FF6600','/static/oklahoma-st.70.png'),(79,'TCU',NULL,6,'#34297a','/static/tcu.70.png'),(80,'Texas',NULL,6,'#CC5500','/static/texas.70.png'),(81,'Texas Tech',NULL,6,'#CC0000','/static/texas-tech.70.png'),(82,'West Virginia',NULL,6,'#00447c','/static/west-virginia.70.png'),(83,'Charlotte',NULL,7,'#00693e','/static/charlotte.70.png'),(84,'Florida Atlantic',NULL,7,'#002D62','/static/fla-atlantic.70.png'),(85,'Florida International',NULL,7,'#c79d1f','/static/fiu.70.png'),(86,'Louisiana Tech',NULL,7,'#002596','/static/louisiana-tech.70.png'),(87,'Marshall',NULL,7,'#11461b','/static/marshall.70.png'),(88,'Middle Tennessee',NULL,7,'#0047aa','/static/middle-tenn.70.png'),(89,'North Texas',NULL,7,'#00622e','/static/north-texas.70.png'),(90,'Old Dominion',NULL,7,'#004879','/static/old-dominion.70.png'),(91,'Rice',NULL,7,'#003f82','/static/rice.70.png'),(92,'Southern Miss',NULL,7,'#f0bc28','/static/southern-miss.70.png'),(93,'UAB',NULL,7,'#007c60','/static/uab.70.png'),(94,'UTSA',NULL,7,'#fe7502','/static/utsa.70.png'),(95,'UTEP',NULL,7,'#eb5a0d','/static/utep.70.png'),(96,'Western Kentucky',NULL,7,'#d41a00','/static/western-ky.70.png'),(97,'Army',NULL,8,'#ccb284','/static/army.70.png'),(98,'BYU',NULL,8,'#002255','/static/byu.70.png'),(99,'Liberty',NULL,8,'#15264e','/static/liberty.70.png'),(100,'New Mexico State',NULL,8,'#882345','/static/new-mexico-st.70.png'),(101,'Notre Dame',NULL,8,'#002b5c','/static/notre-dame.70.png'),(102,'UMass',NULL,8,'#881c1c','/static/massachusetts.70.png'),(103,'Akron',NULL,9,'#00285e','/static/akron.70.png'),(104,'Ball State',NULL,9,'#d90400','/static/ball-st.70.png'),(105,'Bowling Green',NULL,9,'#4f2c1d','/static/bowling-green.70.png'),(106,'Buffalo',NULL,9,'#004179','/static/buffalo.70.png'),(107,'Central Michigan',NULL,9,'#630237','/static/central-mich.70.png'),(108,'Eastern Michigan',NULL,9,'#007c4e','/static/eastern-mich.70.png'),(109,'Kent State',NULL,9,'#002664','/static/kent-st.70.png'),(110,'Miami (OH)',NULL,9,'#d51a00','/static/miami-oh.70.png'),(111,'Northern Illinois',NULL,9,'#b42836','/static/northern-ill.70.png'),(112,'Ohio',NULL,9,'#336633','/static/ohio.70.png'),(113,'Toledo',NULL,9,'#0e2144','/static/toledo.70.png'),(114,'Western Michigan',NULL,9,'#874b00','/static/western-mich.70.png'),(115,'Air Force',NULL,10,'#0033a1','/static/air-force.70.png'),(116,'Boise State',NULL,10,'#0033a1','/static/boise-st.70.png'),(117,'Colorado State',NULL,10,'#005643','/static/colorado-st.70.png'),(118,'Fresno State',NULL,10,'#005495','/static/fresno-st.70.png'),(119,'Hawaii',NULL,10,'#015838','/static/hawaii.70.png'),(120,'Nevada',NULL,10,'#003366','/static/nevada.70.png'),(121,'New Mexico',NULL,10,'#b71234','/static/new-mexico.70.png'),(122,'San Diego State',NULL,10,'#A81933','/static/san-diego-st.70.png'),(123,'San Jose State',NULL,10,'#5492cc','/static/san-jose-st.70.png'),(124,'UNLV',NULL,10,'#cc092f','/static/unlv.70.png'),(125,'Utah State',NULL,10,'#00264a','/static/utah-st.70.png'),(126,'Wyoming',NULL,10,'#f6c028','/static/wyoming.70.png'),(127,'Arizona',NULL,11,'#003366','/static/arizona.70.png'),(128,'Arizona State',NULL,11,'#8b2346','/static/arizona-st.70.png'),(129,'Cal',NULL,11,'#00325b','/static/california.70.png'),(130,'Colorado',NULL,11,'#CFB87C','/static/colorado.70.png'),(131,'Oregon',NULL,11,'#004F27','/static/oregon.70.png'),(132,'Oregon State',NULL,11,'#e24912','/static/oregon-st.70.png'),(133,'Stanford',NULL,11,'#8C1515','/static/stanford.70.png'),(134,'UCLA',NULL,11,'#0072cf','/static/ucla.70.png'),(135,'Southern California',NULL,11,'#990000','/static/southern-california.70.png'),(136,'Utah',NULL,11,'#cc0000','/static/utah.70.png'),(137,'Washington',NULL,11,'#39275B','/static/washington.70.png'),(138,'Washington State',NULL,11,'#981e32','/static/washington-st.70.png'),(139,'Alabama',NULL,12,'#a32136','/static/alabama.70.png'),(140,'Arkansas',NULL,12,'#BE0F34','/static/arkansas.70.png'),(141,'Auburn',NULL,12,'#f58025','/static/auburn.70.png'),(142,'Florida',NULL,12,'#003488','/static/florida.70.png'),(143,'Georgia',NULL,12,'#CC0000','/static/georgia.70.png'),(144,'Kentucky',NULL,12,'#005DAA','/static/kentucky.70.png'),(145,'LSU',NULL,12,'#461D7C','/static/lsu.70.png'),(146,'Mississippi State',NULL,12,'#660000','/static/mississippi-st.70.png'),(147,'Missouri',NULL,12,'#F1B82D','/static/missouri.70.png'),(148,'Ole Miss',NULL,12,'#002663','/static/ole-miss.70.png'),(149,'South Carolina',NULL,12,'#73000A','/static/south-carolina.70.png'),(150,'Tennessee',NULL,12,'#f77f00','/static/tennessee.70.png'),(151,'Texas A&M',NULL,12,'#500000','/static/texas-am.70.png'),(152,'Vanderbilt',NULL,12,'#141414','/static/vanderbilt.70.png'),(153,'Appalachian State',NULL,13,'#d6ac00','/static/appalachian-st.70.png'),(154,'Arkansas State',NULL,13,'#c7202a','/static/arkansas-st.70.png'),(155,'Coastal Carolina',NULL,13,'#00838c','/static/coastal-caro.70.png'),(156,'Georgia Southern',NULL,13,'#000066','/static/ga-southern.70.png'),(157,'Georgia State',NULL,13,'#74a4cc','/static/georgia-st.70.png'),(158,'Louisiana',NULL,13,'#993333','/static/louisiana.70.png'),(159,'South Alabama',NULL,13,'#eb1e00','/static/south-ala.70.png'),(160,'Texas State',NULL,13,'#5a2c34','/static/texas-st.70.png'),(161,'Troy',NULL,13,'#872434','/static/troy.70.png'),(162,'UL Monroe',NULL,13,'#bc9131','/static/la-monroe.70.png'),(163,'Albany',NULL,14,'#CBAF42','/static/albany-ny.70.png'),(164,'Southeastern La.',NULL,14,'#f3b800','/static/southeastern-la.70.png'),(165,'Citadel',NULL,14,'#132e5e','/static/citadel.70.png'),(166,'Towson',NULL,14,'#d7aa01','/static/towson.70.png'),(167,'Western Illinois',NULL,14,'#663399','/static/western-ill.70.png'),(168,'Incarnate Word',NULL,15,'#d72c23','/static/incarnate-word.70.png'),(169,'Southeast Mo. St.',NULL,14,'#e03a3e','/static/southeast-mo-st.70.png'),(170,'Grambling',NULL,14,'#be9a02','/static/grambling.70.png'),(171,'Indiana State',NULL,14,'#0046ad','/static/indiana-st.70.png'),(172,'Montana State',NULL,14,'#0077bc','/static/montana-st.70.png'),(173,'Jackson State',NULL,14,'#002654','/static/jackson-st.70.png'),(174,'South Dakota',NULL,14,'#ff2310','/static/south-dakota.70.png'),(175,'South Dakota State',NULL,14,'#0039a6','/static/south-dakota-st.70.png'),(176,'UT Martin',NULL,14,'#ff6900','/static/ut-martin.70.png'),(177,'Murray State',NULL,14,'#e4bb00','/static/murray-st.70.png'),(178,'Wofford',NULL,14,'#95774c','/static/wofford.70.png'),(179,'Alabama State',NULL,14,'#f19d17','/static/alabama-st.70.png'),(180,'SFA',NULL,14,'#330066','/static/stephen-f-austin.70.png'),(181,'Villanova',NULL,14,'#003366','/static/villanova.70.png'),(182,'South Carolina St.',NULL,14,'#951123','/static/south-carolina-st.70.png'),(183,'Howard',NULL,14,'#ef3e43','/static/howard.70.png'),(184,'Montana',NULL,14,'#8b2346','/static/montana.70.png'),(185,'Southern Utah',NULL,14,'#d8240e','/static/southern-utah.70.png'),(186,'Abilene Christian',NULL,15,'#68278e','/static/abilene-christian.70.png'),(187,'Florida A&M',NULL,14,'#006b25','/static/florida-am.70.png'),(188,'UC Davis',NULL,14,'#002855','/static/uc-davis.70.png'),(189,'Furman',NULL,14,'#34327c','/static/furman.70.png'),(190,'Houston Baptist',NULL,14,'#023795','/static/houston-baptist.70.png'),(191,'NC A&T',NULL,14,'#ffb82b','/static/nc-at.70.png'),(192,'McNeese',NULL,14,'#004988','/static/mcneese-st.70.png'),(193,'Alcorn State',NULL,14,'#703690','/static/alcorn-st.70.png'),(194,'Rhode Island',NULL,14,'#004990','/static/rhode-island.70.png'),(195,'Eastern Illinois',NULL,14,'#0084be','/static/eastern-ill.70.png'),(196,'Delaware State',NULL,14,'#279fcc','/static/delaware-st.70.png'),(197,'Northern Arizona',NULL,14,'#003b76','/static/northern-ariz.70.png'),(198,'Bethune-Cookman',NULL,14,'#f5ba00','/static/bethune-cookman.70.png'),(199,'Idaho State',NULL,14,'#ff7800','/static/idaho-st.70.png'),(200,'Lehigh',NULL,14,'#653600','/static/lehigh.70.png'),(201,'Portland State',NULL,14,'#004319','/static/portland-st.70.png'),(202,'Illinois State',NULL,14,'#ca1134','/static/illinois-st.70.png'),(203,'Elon',NULL,14,'#98002e','/static/elon.70.png'),(204,'Eastern Washington',NULL,14,'#e60900','/static/eastern-wash.70.png'),(205,'Maine',NULL,14,'#6696be','/static/maine.70.png'),(206,'Wagner',NULL,14,'#336356','/static/wagner.70.png'),(207,'Northwestern St.',NULL,14,'#54209e','/static/northwestern-st.70.png'),(208,'Richmond',NULL,14,'#000066','/static/richmond.70.png'),(209,'Savannah State',NULL,14,'#f65800','/static/savannah-st.70.png'),(210,'Monmouth',NULL,14,'#002147','/static/monmouth.70.png'),(211,'Samford',NULL,14,'#003362','/static/samford.70.png'),(212,'Tennessee Tech',NULL,14,'#d7aa01','/static/tennessee-tech.70.png'),(213,'NC Central',NULL,14,'#880023','/static/nc-central.70.png'),(214,'Southern Illinois',NULL,14,'#872e3f','/static/southern-ill.70.png'),(215,'UNI',NULL,14,'#4a3394','/static/uni.70.png'),(216,'Austin Peay',NULL,14,'#C41E3A','/static/austin-peay.70.png'),(217,'Alabama A&M',NULL,14,'#a41e4c','/static/alabama-am.70.png'),(218,'Duquesne',NULL,14,'#000144','/static/duquesne.70.png'),(219,'Nicholls State',NULL,14,'#afb7ba','/static/nicholls-st.70.png'),(220,'Central Arkansas',NULL,14,'#53327d','/static/central-ark.70.png'),(221,'Texas Southern',NULL,14,'#70283e','/static/texas-southern.70.png'),(222,'Sacramento State',NULL,14,'#007441','/static/sacramento-st.70.png'),(223,'VMI',NULL,14,'#c41700','/static/vmi.70.png'),(224,'Morgan State',NULL,14,'#fc5a14','/static/morgan-st.70.png'),(225,'William & Mary',NULL,14,'#116633','/static/william-mary.70.png'),(226,'Campbell',NULL,14,'#fa9223','/static/campbell.70.png'),(227,'Mercer',NULL,14,'#e45c06','/static/mercer.70.png'),(228,'Tennessee State',NULL,14,'#003183','/static/tennessee-st.70.png'),(229,'Arkansas Pine Bluff',NULL,14,'#f29103','/static/ark-pine-bluff.70.png'),(230,'Colgate',NULL,14,'#a50334','/static/colgate.70.png'),(231,'Missouri State',NULL,14,'#491317','/static/missouri-st.70.png'),(232,'Kennesaw State',NULL,14,'#ecbb09','/static/kennesaw-st.70.png'),(233,'Eastern Kentucky',NULL,14,'#8b0341','/static/eastern-ky.70.png'),(234,'James Madison',NULL,14,'#484191','/static/james-madison.70.png'),(235,'Idaho',NULL,14,'#b58e5b','/static/idaho.70.png'),(236,'North Dakota',NULL,14,'#009A44','/static/north-dakota.70.png'),(237,'Stony Brook',NULL,14,'#990000','/static/stony-brook.70.png'),(238,'Weber State',NULL,14,'#5f3c99','/static/weber-st.70.png'),(239,'New Hampshire',NULL,14,'#002162','/static/new-hampshire.70.png'),(240,'Western NM',NULL,15,'#532d83','/static/western-nm.70.png'),(241,'Youngstown State',NULL,14,'#d41a00','/static/youngstown-st.70.png'),(242,'Prairie View A&M',NULL,14,'#803e99','/static/prairie-view.70.png'),(243,'Chattanooga',NULL,14,'#f2c100','/static/chattanooga.70.png'),(244,'Lamar University',NULL,14,'#ec2a31','/static/lamar.70.png'),(245,'Lafayette',NULL,14,'#9a122a','/static/lafayette.70.png'),(246,'Charleston Southern',NULL,14,'#17467a','/static/charleston-so.70.png'),(247,'Southern',NULL,14,'#76b2dd','/static/southern-u.70.png'),(248,'Holy Cross',NULL,14,'#4f318b','/static/holy-cross.70.png'),(249,'Fordham',NULL,14,'#a90332','/static/fordham.70.png'),(250,'East Tennesee State',NULL,14,'#041E42','/static/east-tenn-st.70.png'),(251,'Gardner-Webb',NULL,14,'#c41230','/static/gardner-webb.70.png'),(252,'Cent. Conn. St.',NULL,14,'#004385','/static/central-conn-st.70.png'),(253,'Western Carolina',NULL,14,'#d5a977','/static/western-caro.70.png');
/*!40000 ALTER TABLE `teams` ENABLE KEYS */;
UNLOCK TABLES;
/*!40103 SET TIME_ZONE=@OLD_TIME_ZONE */;

/*!40101 SET SQL_MODE=@OLD_SQL_MODE */;
/*!40014 SET FOREIGN_KEY_CHECKS=@OLD_FOREIGN_KEY_CHECKS */;
/*!40014 SET UNIQUE_CHECKS=@OLD_UNIQUE_CHECKS */;
/*!40101 SET CHARACTER_SET_CLIENT=@OLD_CHARACTER_SET_CLIENT */;
/*!40101 SET CHARACTER_SET_RESULTS=@OLD_CHARACTER_SET_RESULTS */;
/*!40101 SET COLLATION_CONNECTION=@OLD_COLLATION_CONNECTION */;
/*!40111 SET SQL_NOTES=@OLD_SQL_NOTES */;

-- Dump completed on 2018-07-31 11:07:21
